2026-09-21T08:00:00-03:00 INFO request_id=req-normal-00000 method=GET path=/api/search status=200 duration_ms=3.2
2026-09-21T08:00:21-03:00 INFO request_id=req-normal-00001 method=GET path=/api/categories status=200 duration_ms=4.2
2026-09-21T08:00:42-03:00 INFO request_id=req-normal-00002 method=GET path=/api/documents/12 status=200 duration_ms=5.2
2026-09-21T08:01:03-03:00 INFO request_id=req-normal-00003 method=GET path=/api/search status=200 duration_ms=6.2
2026-09-21T08:01:24-03:00 INFO request_id=req-normal-00004 method=POST path=/api/login status=200 duration_ms=7.2
2026-09-21T08:01:45-03:00 INFO request_id=req-normal-00005 method=GET path=/api/search status=200 duration_ms=8.2
2026-09-21T08:02:06-03:00 INFO request_id=req-normal-00006 method=GET path=/api/categories status=200 duration_ms=9.2
2026-09-21T08:02:27-03:00 INFO request_id=req-normal-00007 method=GET path=/api/documents/12 status=200 duration_ms=10.2
2026-09-21T08:02:48-03:00 INFO request_id=req-normal-00008 method=GET path=/api/search status=200 duration_ms=11.2
2026-09-21T08:03:09-03:00 INFO request_id=req-normal-00009 method=POST path=/api/login status=200 duration_ms=12.2
2026-09-21T08:03:30-03:00 INFO request_id=req-normal-00010 method=GET path=/api/search status=200 duration_ms=13.2
2026-09-21T08:03:51-03:00 INFO request_id=req-normal-00011 method=GET path=/api/categories status=200 duration_ms=14.2
2026-09-21T08:04:12-03:00 INFO request_id=req-normal-00012 method=GET path=/api/documents/12 status=200 duration_ms=15.2
2026-09-21T08:04:33-03:00 INFO request_id=req-normal-00013 method=GET path=/api/search status=200 duration_ms=16.2
2026-09-21T08:04:54-03:00 INFO request_id=req-normal-00014 method=POST path=/api/login status=200 duration_ms=17.2
2026-09-21T08:05:15-03:00 INFO request_id=req-normal-00015 method=GET path=/api/search status=200 duration_ms=18.2
2026-09-21T08:05:36-03:00 INFO request_id=req-normal-00016 method=GET path=/api/categories status=200 duration_ms=19.2
2026-09-21T08:05:57-03:00 INFO request_id=req-normal-00017 method=GET path=/api/documents/12 status=200 duration_ms=3.2
2026-09-21T08:06:18-03:00 INFO request_id=req-normal-00018 method=GET path=/api/search status=200 duration_ms=4.2
2026-09-21T08:06:39-03:00 INFO request_id=req-normal-00019 method=POST path=/api/login status=200 duration_ms=5.2
2026-09-21T08:07:00-03:00 INFO request_id=req-normal-00020 method=GET path=/api/search status=200 duration_ms=6.2
2026-09-21T08:07:21-03:00 INFO request_id=req-normal-00021 method=GET path=/api/categories status=200 duration_ms=7.2
2026-09-21T08:07:42-03:00 INFO request_id=req-normal-00022 method=GET path=/api/documents/12 status=200 duration_ms=8.2
2026-09-21T08:08:03-03:00 INFO request_id=req-normal-00023 method=GET path=/api/search status=200 duration_ms=9.2
2026-09-21T08:08:24-03:00 INFO request_id=req-normal-00024 method=POST path=/api/login status=200 duration_ms=10.2
2026-09-21T08:08:45-03:00 INFO request_id=req-normal-00025 method=GET path=/api/search status=200 duration_ms=11.2
2026-09-21T08:09:06-03:00 INFO request_id=req-normal-00026 method=GET path=/api/categories status=200 duration_ms=12.2
2026-09-21T08:09:27-03:00 INFO request_id=req-normal-00027 method=GET path=/api/documents/12 status=200 duration_ms=13.2
2026-09-21T08:09:48-03:00 INFO request_id=req-normal-00028 method=GET path=/api/search status=200 duration_ms=14.2
2026-09-21T08:10:09-03:00 INFO request_id=req-normal-00029 method=POST path=/api/login status=200 duration_ms=15.2
2026-09-21T08:10:30-03:00 INFO request_id=req-normal-00030 method=GET path=/api/search status=200 duration_ms=16.2
2026-09-21T08:10:51-03:00 INFO request_id=req-normal-00031 method=GET path=/api/categories status=200 duration_ms=17.2
2026-09-21T08:11:12-03:00 INFO request_id=req-normal-00032 method=GET path=/api/documents/12 status=200 duration_ms=18.2
2026-09-21T08:11:33-03:00 INFO request_id=req-normal-00033 method=GET path=/api/search status=200 duration_ms=19.2
2026-09-21T08:11:54-03:00 INFO request_id=req-normal-00034 method=POST path=/api/login status=200 duration_ms=3.2
2026-09-21T08:12:15-03:00 INFO request_id=req-normal-00035 method=GET path=/api/search status=200 duration_ms=4.2
2026-09-21T08:12:36-03:00 INFO request_id=req-normal-00036 method=GET path=/api/categories status=200 duration_ms=5.2
2026-09-21T08:12:57-03:00 INFO request_id=req-normal-00037 method=GET path=/api/documents/12 status=200 duration_ms=6.2
2026-09-21T08:13:18-03:00 INFO request_id=req-normal-00038 method=GET path=/api/search status=200 duration_ms=7.2
2026-09-21T08:13:39-03:00 INFO request_id=req-normal-00039 method=POST path=/api/login status=200 duration_ms=8.2
2026-09-21T08:14:00-03:00 INFO request_id=req-normal-00040 method=GET path=/api/search status=200 duration_ms=9.2
2026-09-21T08:14:21-03:00 INFO request_id=req-normal-00041 method=GET path=/api/categories status=200 duration_ms=10.2
2026-09-21T08:14:42-03:00 INFO request_id=req-normal-00042 method=GET path=/api/documents/12 status=200 duration_ms=11.2
2026-09-21T08:15:03-03:00 INFO request_id=req-normal-00043 method=GET path=/api/search status=200 duration_ms=12.2
2026-09-21T08:15:24-03:00 INFO request_id=req-normal-00044 method=POST path=/api/login status=200 duration_ms=13.2
2026-09-21T08:15:45-03:00 INFO request_id=req-normal-00045 method=GET path=/api/search status=200 duration_ms=14.2
2026-09-21T08:16:06-03:00 INFO request_id=req-normal-00046 method=GET path=/api/categories status=200 duration_ms=15.2
2026-09-21T08:16:27-03:00 INFO request_id=req-normal-00047 method=GET path=/api/documents/12 status=200 duration_ms=16.2
2026-09-21T08:16:48-03:00 INFO request_id=req-normal-00048 method=GET path=/api/search status=200 duration_ms=17.2
2026-09-21T08:17:09-03:00 INFO request_id=req-normal-00049 method=POST path=/api/login status=200 duration_ms=18.2
2026-09-21T08:17:30-03:00 INFO request_id=req-normal-00050 method=GET path=/api/search status=200 duration_ms=19.2
2026-09-21T08:17:51-03:00 INFO request_id=req-normal-00051 method=GET path=/api/categories status=200 duration_ms=3.2
2026-09-21T08:18:12-03:00 INFO request_id=req-normal-00052 method=GET path=/api/documents/12 status=200 duration_ms=4.2
2026-09-21T08:18:33-03:00 INFO request_id=req-normal-00053 method=GET path=/api/search status=200 duration_ms=5.2
2026-09-21T08:18:54-03:00 INFO request_id=req-normal-00054 method=POST path=/api/login status=200 duration_ms=6.2
2026-09-21T08:19:15-03:00 INFO request_id=req-normal-00055 method=GET path=/api/search status=200 duration_ms=7.2
2026-09-21T08:19:36-03:00 INFO request_id=req-normal-00056 method=GET path=/api/categories status=200 duration_ms=8.2
2026-09-21T08:19:57-03:00 INFO request_id=req-normal-00057 method=GET path=/api/documents/12 status=200 duration_ms=9.2
2026-09-21T08:20:18-03:00 INFO request_id=req-normal-00058 method=GET path=/api/search status=200 duration_ms=10.2
2026-09-21T08:20:39-03:00 INFO request_id=req-normal-00059 method=POST path=/api/login status=200 duration_ms=11.2
2026-09-21T08:21:00-03:00 INFO request_id=req-normal-00060 method=GET path=/api/search status=200 duration_ms=12.2
2026-09-21T08:21:21-03:00 INFO request_id=req-normal-00061 method=GET path=/api/categories status=200 duration_ms=13.2
2026-09-21T08:21:42-03:00 INFO request_id=req-normal-00062 method=GET path=/api/documents/12 status=200 duration_ms=14.2
2026-09-21T08:22:03-03:00 INFO request_id=req-normal-00063 method=GET path=/api/search status=200 duration_ms=15.2
2026-09-21T08:22:24-03:00 INFO request_id=req-normal-00064 method=POST path=/api/login status=200 duration_ms=16.2
2026-09-21T08:22:45-03:00 INFO request_id=req-normal-00065 method=GET path=/api/search status=200 duration_ms=17.2
2026-09-21T08:23:06-03:00 INFO request_id=req-normal-00066 method=GET path=/api/categories status=200 duration_ms=18.2
2026-09-21T08:23:27-03:00 INFO request_id=req-normal-00067 method=GET path=/api/documents/12 status=200 duration_ms=19.2
2026-09-21T08:23:48-03:00 INFO request_id=req-normal-00068 method=GET path=/api/search status=200 duration_ms=3.2
2026-09-21T08:24:09-03:00 INFO request_id=req-normal-00069 method=POST path=/api/login status=200 duration_ms=4.2
2026-09-21T08:24:30-03:00 INFO request_id=req-normal-00070 method=GET path=/api/search status=200 duration_ms=5.2
2026-09-21T08:24:51-03:00 INFO request_id=req-normal-00071 method=GET path=/api/categories status=200 duration_ms=6.2
2026-09-21T08:25:12-03:00 INFO request_id=req-normal-00072 method=GET path=/api/documents/12 status=200 duration_ms=7.2
2026-09-21T08:25:33-03:00 INFO request_id=req-normal-00073 method=GET path=/api/search status=200 duration_ms=8.2
2026-09-21T08:25:54-03:00 INFO request_id=req-normal-00074 method=POST path=/api/login status=200 duration_ms=9.2
2026-09-21T08:26:15-03:00 INFO request_id=req-normal-00075 method=GET path=/api/search status=200 duration_ms=10.2
2026-09-21T08:26:36-03:00 INFO request_id=req-normal-00076 method=GET path=/api/categories status=200 duration_ms=11.2
2026-09-21T08:26:57-03:00 INFO request_id=req-normal-00077 method=GET path=/api/documents/12 status=200 duration_ms=12.2
2026-09-21T08:27:18-03:00 INFO request_id=req-normal-00078 method=GET path=/api/search status=200 duration_ms=13.2
2026-09-21T08:27:39-03:00 INFO request_id=req-normal-00079 method=POST path=/api/login status=200 duration_ms=14.2
2026-09-21T08:28:00-03:00 INFO request_id=req-normal-00080 method=GET path=/api/search status=200 duration_ms=15.2
2026-09-21T08:28:21-03:00 INFO request_id=req-normal-00081 method=GET path=/api/categories status=200 duration_ms=16.2
2026-09-21T08:28:42-03:00 INFO request_id=req-normal-00082 method=GET path=/api/documents/12 status=200 duration_ms=17.2
2026-09-21T08:29:03-03:00 INFO request_id=req-normal-00083 method=GET path=/api/search status=200 duration_ms=18.2
2026-09-21T08:29:24-03:00 INFO request_id=req-normal-00084 method=POST path=/api/login status=200 duration_ms=19.2
2026-09-21T08:29:45-03:00 INFO request_id=req-normal-00085 method=GET path=/api/search status=200 duration_ms=3.2
2026-09-21T08:30:06-03:00 INFO request_id=req-normal-00086 method=GET path=/api/categories status=200 duration_ms=4.2
2026-09-21T08:30:27-03:00 INFO request_id=req-normal-00087 method=GET path=/api/documents/12 status=200 duration_ms=5.2
2026-09-21T08:30:48-03:00 INFO request_id=req-normal-00088 method=GET path=/api/search status=200 duration_ms=6.2
2026-09-21T08:31:09-03:00 INFO request_id=req-normal-00089 method=POST path=/api/login status=200 duration_ms=7.2
2026-09-21T08:31:30-03:00 INFO request_id=req-normal-00090 method=GET path=/api/search status=200 duration_ms=8.2
2026-09-21T08:31:51-03:00 INFO request_id=req-normal-00091 method=GET path=/api/categories status=200 duration_ms=9.2
2026-09-21T08:32:12-03:00 INFO request_id=req-normal-00092 method=GET path=/api/documents/12 status=200 duration_ms=10.2
2026-09-21T08:32:33-03:00 INFO request_id=req-normal-00093 method=GET path=/api/search status=200 duration_ms=11.2
2026-09-21T08:32:54-03:00 INFO request_id=req-normal-00094 method=POST path=/api/login status=200 duration_ms=12.2
2026-09-21T08:33:15-03:00 INFO request_id=req-normal-00095 method=GET path=/api/search status=200 duration_ms=13.2
2026-09-21T08:33:36-03:00 INFO request_id=req-normal-00096 method=GET path=/api/categories status=200 duration_ms=14.2
2026-09-21T08:33:57-03:00 INFO request_id=req-normal-00097 method=GET path=/api/documents/12 status=200 duration_ms=15.2
2026-09-21T08:34:18-03:00 INFO request_id=req-normal-00098 method=GET path=/api/search status=200 duration_ms=16.2
2026-09-21T08:34:39-03:00 INFO request_id=req-normal-00099 method=POST path=/api/login status=200 duration_ms=17.2
2026-09-21T08:35:00-03:00 INFO request_id=req-normal-00100 method=GET path=/api/search status=200 duration_ms=18.2
2026-09-21T08:35:21-03:00 INFO request_id=req-normal-00101 method=GET path=/api/categories status=200 duration_ms=19.2
2026-09-21T08:35:42-03:00 INFO request_id=req-normal-00102 method=GET path=/api/documents/12 status=200 duration_ms=3.2
2026-09-21T08:36:03-03:00 INFO request_id=req-normal-00103 method=GET path=/api/search status=200 duration_ms=4.2
2026-09-21T08:36:24-03:00 INFO request_id=req-normal-00104 method=POST path=/api/login status=200 duration_ms=5.2
2026-09-21T08:36:45-03:00 INFO request_id=req-normal-00105 method=GET path=/api/search status=200 duration_ms=6.2
2026-09-21T08:37:06-03:00 INFO request_id=req-normal-00106 method=GET path=/api/categories status=200 duration_ms=7.2
2026-09-21T08:37:27-03:00 INFO request_id=req-normal-00107 method=GET path=/api/documents/12 status=200 duration_ms=8.2
2026-09-21T08:37:48-03:00 INFO request_id=req-normal-00108 method=GET path=/api/search status=200 duration_ms=9.2
2026-09-21T08:38:09-03:00 INFO request_id=req-normal-00109 method=POST path=/api/login status=200 duration_ms=10.2
2026-09-21T08:38:30-03:00 INFO request_id=req-normal-00110 method=GET path=/api/search status=200 duration_ms=11.2
2026-09-21T08:38:51-03:00 INFO request_id=req-normal-00111 method=GET path=/api/categories status=200 duration_ms=12.2
2026-09-21T08:39:12-03:00 INFO request_id=req-normal-00112 method=GET path=/api/documents/12 status=200 duration_ms=13.2
2026-09-21T08:39:33-03:00 INFO request_id=req-normal-00113 method=GET path=/api/search status=200 duration_ms=14.2
2026-09-21T08:39:54-03:00 INFO request_id=req-normal-00114 method=POST path=/api/login status=200 duration_ms=15.2
2026-09-21T08:40:15-03:00 INFO request_id=req-normal-00115 method=GET path=/api/search status=200 duration_ms=16.2
2026-09-21T08:40:36-03:00 INFO request_id=req-normal-00116 method=GET path=/api/categories status=200 duration_ms=17.2
2026-09-21T08:40:57-03:00 INFO request_id=req-normal-00117 method=GET path=/api/documents/12 status=200 duration_ms=18.2
2026-09-21T08:41:18-03:00 INFO request_id=req-normal-00118 method=GET path=/api/search status=200 duration_ms=19.2
2026-09-21T08:41:39-03:00 INFO request_id=req-normal-00119 method=POST path=/api/login status=200 duration_ms=3.2
2026-09-21T08:42:00-03:00 INFO request_id=req-normal-00120 method=GET path=/api/search status=200 duration_ms=4.2
2026-09-21T08:42:21-03:00 INFO request_id=req-normal-00121 method=GET path=/api/categories status=200 duration_ms=5.2
2026-09-21T08:42:42-03:00 INFO request_id=req-normal-00122 method=GET path=/api/documents/12 status=200 duration_ms=6.2
2026-09-21T08:43:03-03:00 INFO request_id=req-normal-00123 method=GET path=/api/search status=200 duration_ms=7.2
2026-09-21T08:43:24-03:00 INFO request_id=req-normal-00124 method=POST path=/api/login status=200 duration_ms=8.2
2026-09-21T08:43:45-03:00 INFO request_id=req-normal-00125 method=GET path=/api/search status=200 duration_ms=9.2
2026-09-21T08:44:06-03:00 INFO request_id=req-normal-00126 method=GET path=/api/categories status=200 duration_ms=10.2
2026-09-21T08:44:27-03:00 INFO request_id=req-normal-00127 method=GET path=/api/documents/12 status=200 duration_ms=11.2
2026-09-21T08:44:48-03:00 INFO request_id=req-normal-00128 method=GET path=/api/search status=200 duration_ms=12.2
2026-09-21T08:45:09-03:00 INFO request_id=req-normal-00129 method=POST path=/api/login status=200 duration_ms=13.2
2026-09-21T08:45:30-03:00 INFO request_id=req-normal-00130 method=GET path=/api/search status=200 duration_ms=14.2
2026-09-21T08:45:51-03:00 INFO request_id=req-normal-00131 method=GET path=/api/categories status=200 duration_ms=15.2
2026-09-21T08:46:12-03:00 INFO request_id=req-normal-00132 method=GET path=/api/documents/12 status=200 duration_ms=16.2
2026-09-21T08:46:33-03:00 INFO request_id=req-normal-00133 method=GET path=/api/search status=200 duration_ms=17.2
2026-09-21T08:46:54-03:00 INFO request_id=req-normal-00134 method=POST path=/api/login status=200 duration_ms=18.2
2026-09-21T08:47:15-03:00 INFO request_id=req-normal-00135 method=GET path=/api/search status=200 duration_ms=19.2
2026-09-21T08:47:36-03:00 INFO request_id=req-normal-00136 method=GET path=/api/categories status=200 duration_ms=3.2
2026-09-21T08:47:57-03:00 INFO request_id=req-normal-00137 method=GET path=/api/documents/12 status=200 duration_ms=4.2
2026-09-21T08:48:18-03:00 INFO request_id=req-normal-00138 method=GET path=/api/search status=200 duration_ms=5.2
2026-09-21T08:48:39-03:00 INFO request_id=req-normal-00139 method=POST path=/api/login status=200 duration_ms=6.2
2026-09-21T08:49:00-03:00 INFO request_id=req-normal-00140 method=GET path=/api/search status=200 duration_ms=7.2
2026-09-21T08:49:21-03:00 INFO request_id=req-normal-00141 method=GET path=/api/categories status=200 duration_ms=8.2
2026-09-21T08:49:42-03:00 INFO request_id=req-normal-00142 method=GET path=/api/documents/12 status=200 duration_ms=9.2
2026-09-21T08:50:03-03:00 INFO request_id=req-normal-00143 method=GET path=/api/search status=200 duration_ms=10.2
2026-09-21T08:50:24-03:00 INFO request_id=req-normal-00144 method=POST path=/api/login status=200 duration_ms=11.2
2026-09-21T08:50:45-03:00 INFO request_id=req-normal-00145 method=GET path=/api/search status=200 duration_ms=12.2
2026-09-21T08:51:06-03:00 INFO request_id=req-normal-00146 method=GET path=/api/categories status=200 duration_ms=13.2
2026-09-21T08:51:27-03:00 INFO request_id=req-normal-00147 method=GET path=/api/documents/12 status=200 duration_ms=14.2
2026-09-21T08:51:48-03:00 INFO request_id=req-normal-00148 method=GET path=/api/search status=200 duration_ms=15.2
2026-09-21T08:52:09-03:00 INFO request_id=req-normal-00149 method=POST path=/api/login status=200 duration_ms=16.2
2026-09-21T08:52:30-03:00 INFO request_id=req-normal-00150 method=GET path=/api/search status=200 duration_ms=17.2
2026-09-21T08:52:51-03:00 INFO request_id=req-normal-00151 method=GET path=/api/categories status=200 duration_ms=18.2
2026-09-21T08:53:12-03:00 INFO request_id=req-normal-00152 method=GET path=/api/documents/12 status=200 duration_ms=19.2
2026-09-21T08:53:33-03:00 INFO request_id=req-normal-00153 method=GET path=/api/search status=200 duration_ms=3.2
2026-09-21T08:53:54-03:00 INFO request_id=req-normal-00154 method=POST path=/api/login status=200 duration_ms=4.2
2026-09-21T08:54:15-03:00 INFO request_id=req-normal-00155 method=GET path=/api/search status=200 duration_ms=5.2
2026-09-21T08:54:36-03:00 INFO request_id=req-normal-00156 method=GET path=/api/categories status=200 duration_ms=6.2
2026-09-21T08:54:57-03:00 INFO request_id=req-normal-00157 method=GET path=/api/documents/12 status=200 duration_ms=7.2
2026-09-21T08:55:18-03:00 INFO request_id=req-normal-00158 method=GET path=/api/search status=200 duration_ms=8.2
2026-09-21T08:55:39-03:00 INFO request_id=req-normal-00159 method=POST path=/api/login status=200 duration_ms=9.2
2026-09-21T08:56:00-03:00 INFO request_id=req-normal-00160 method=GET path=/api/search status=200 duration_ms=10.2
2026-09-21T08:56:21-03:00 INFO request_id=req-normal-00161 method=GET path=/api/categories status=200 duration_ms=11.2
2026-09-21T08:56:42-03:00 INFO request_id=req-normal-00162 method=GET path=/api/documents/12 status=200 duration_ms=12.2
2026-09-21T08:57:03-03:00 INFO request_id=req-normal-00163 method=GET path=/api/search status=200 duration_ms=13.2
2026-09-21T08:57:24-03:00 INFO request_id=req-normal-00164 method=POST path=/api/login status=200 duration_ms=14.2
2026-09-21T08:57:45-03:00 INFO request_id=req-normal-00165 method=GET path=/api/search status=200 duration_ms=15.2
2026-09-21T08:58:06-03:00 INFO request_id=req-normal-00166 method=GET path=/api/categories status=200 duration_ms=16.2
2026-09-21T08:58:27-03:00 INFO request_id=req-normal-00167 method=GET path=/api/documents/12 status=200 duration_ms=17.2
2026-09-21T08:58:48-03:00 INFO request_id=req-normal-00168 method=GET path=/api/search status=200 duration_ms=18.2
2026-09-21T08:59:09-03:00 INFO request_id=req-normal-00169 method=POST path=/api/login status=200 duration_ms=19.2
2026-09-21T08:59:30-03:00 INFO request_id=req-normal-00170 method=GET path=/api/search status=200 duration_ms=3.2
2026-09-21T08:59:51-03:00 INFO request_id=req-normal-00171 method=GET path=/api/categories status=200 duration_ms=4.2
2026-09-21T09:00:12-03:00 INFO request_id=req-normal-00172 method=GET path=/api/documents/12 status=200 duration_ms=5.2
2026-09-21T09:00:33-03:00 INFO request_id=req-normal-00173 method=GET path=/api/search status=200 duration_ms=6.2
2026-09-21T09:00:54-03:00 INFO request_id=req-normal-00174 method=POST path=/api/login status=200 duration_ms=7.2
2026-09-21T09:01:15-03:00 INFO request_id=req-normal-00175 method=GET path=/api/search status=200 duration_ms=8.2
2026-09-21T09:01:36-03:00 INFO request_id=req-normal-00176 method=GET path=/api/categories status=200 duration_ms=9.2
2026-09-21T09:01:57-03:00 INFO request_id=req-normal-00177 method=GET path=/api/documents/12 status=200 duration_ms=10.2
2026-09-21T09:02:18-03:00 INFO request_id=req-normal-00178 method=GET path=/api/search status=200 duration_ms=11.2
2026-09-21T09:02:39-03:00 INFO request_id=req-normal-00179 method=POST path=/api/login status=200 duration_ms=12.2
2026-09-21T09:03:00-03:00 INFO request_id=req-normal-00180 method=GET path=/api/search status=200 duration_ms=13.2
2026-09-21T09:03:21-03:00 INFO request_id=req-normal-00181 method=GET path=/api/categories status=200 duration_ms=14.2
2026-09-21T09:03:42-03:00 INFO request_id=req-normal-00182 method=GET path=/api/documents/12 status=200 duration_ms=15.2
2026-09-21T09:04:03-03:00 INFO request_id=req-normal-00183 method=GET path=/api/search status=200 duration_ms=16.2
2026-09-21T09:04:24-03:00 INFO request_id=req-normal-00184 method=POST path=/api/login status=200 duration_ms=17.2
2026-09-21T09:04:45-03:00 INFO request_id=req-normal-00185 method=GET path=/api/search status=200 duration_ms=18.2
2026-09-21T09:05:06-03:00 INFO request_id=req-normal-00186 method=GET path=/api/categories status=200 duration_ms=19.2
2026-09-21T09:05:27-03:00 INFO request_id=req-normal-00187 method=GET path=/api/documents/12 status=200 duration_ms=3.2
2026-09-21T09:05:48-03:00 INFO request_id=req-normal-00188 method=GET path=/api/search status=200 duration_ms=4.2
2026-09-21T09:06:09-03:00 INFO request_id=req-normal-00189 method=POST path=/api/login status=200 duration_ms=5.2
2026-09-21T09:06:30-03:00 INFO request_id=req-normal-00190 method=GET path=/api/search status=200 duration_ms=6.2
2026-09-21T09:06:51-03:00 INFO request_id=req-normal-00191 method=GET path=/api/categories status=200 duration_ms=7.2
2026-09-21T09:07:12-03:00 INFO request_id=req-normal-00192 method=GET path=/api/documents/12 status=200 duration_ms=8.2
2026-09-21T09:07:33-03:00 INFO request_id=req-normal-00193 method=GET path=/api/search status=200 duration_ms=9.2
2026-09-21T09:07:54-03:00 INFO request_id=req-normal-00194 method=POST path=/api/login status=200 duration_ms=10.2
2026-09-21T09:08:15-03:00 INFO request_id=req-normal-00195 method=GET path=/api/search status=200 duration_ms=11.2
2026-09-21T09:08:36-03:00 INFO request_id=req-normal-00196 method=GET path=/api/categories status=200 duration_ms=12.2
2026-09-21T09:08:57-03:00 INFO request_id=req-normal-00197 method=GET path=/api/documents/12 status=200 duration_ms=13.2
2026-09-21T09:09:18-03:00 INFO request_id=req-normal-00198 method=GET path=/api/search status=200 duration_ms=14.2
2026-09-21T09:09:39-03:00 INFO request_id=req-normal-00199 method=POST path=/api/login status=200 duration_ms=15.2
2026-09-21T09:10:00-03:00 INFO request_id=req-normal-00200 method=GET path=/api/search status=200 duration_ms=16.2
2026-09-21T09:10:21-03:00 INFO request_id=req-normal-00201 method=GET path=/api/categories status=200 duration_ms=17.2
2026-09-21T09:10:42-03:00 INFO request_id=req-normal-00202 method=GET path=/api/documents/12 status=200 duration_ms=18.2
2026-09-21T09:11:03-03:00 INFO request_id=req-normal-00203 method=GET path=/api/search status=200 duration_ms=19.2
2026-09-21T09:11:24-03:00 INFO request_id=req-normal-00204 method=POST path=/api/login status=200 duration_ms=3.2
2026-09-21T09:11:45-03:00 INFO request_id=req-normal-00205 method=GET path=/api/search status=200 duration_ms=4.2
2026-09-21T09:12:06-03:00 INFO request_id=req-normal-00206 method=GET path=/api/categories status=200 duration_ms=5.2
2026-09-21T09:12:27-03:00 INFO request_id=req-normal-00207 method=GET path=/api/documents/12 status=200 duration_ms=6.2
2026-09-21T09:12:48-03:00 INFO request_id=req-normal-00208 method=GET path=/api/search status=200 duration_ms=7.2
2026-09-21T09:13:09-03:00 INFO request_id=req-normal-00209 method=POST path=/api/login status=200 duration_ms=8.2
2026-09-21T09:13:30-03:00 INFO request_id=req-normal-00210 method=GET path=/api/search status=200 duration_ms=9.2
2026-09-21T09:13:51-03:00 INFO request_id=req-normal-00211 method=GET path=/api/categories status=200 duration_ms=10.2
2026-09-21T09:14:12-03:00 INFO request_id=req-normal-00212 method=GET path=/api/documents/12 status=200 duration_ms=11.2
2026-09-21T09:14:33-03:00 INFO request_id=req-normal-00213 method=GET path=/api/search status=200 duration_ms=12.2
2026-09-21T09:14:54-03:00 INFO request_id=req-normal-00214 method=POST path=/api/login status=200 duration_ms=13.2
2026-09-21T09:15:15-03:00 INFO request_id=req-normal-00215 method=GET path=/api/search status=200 duration_ms=14.2
2026-09-21T09:15:36-03:00 INFO request_id=req-normal-00216 method=GET path=/api/categories status=200 duration_ms=15.2
2026-09-21T09:15:57-03:00 INFO request_id=req-normal-00217 method=GET path=/api/documents/12 status=200 duration_ms=16.2
2026-09-21T09:16:18-03:00 INFO request_id=req-normal-00218 method=GET path=/api/search status=200 duration_ms=17.2
2026-09-21T09:16:39-03:00 INFO request_id=req-normal-00219 method=POST path=/api/login status=200 duration_ms=18.2
2026-09-21T09:17:00-03:00 INFO request_id=req-normal-00220 method=GET path=/api/search status=200 duration_ms=19.2
2026-09-21T09:17:21-03:00 INFO request_id=req-normal-00221 method=GET path=/api/categories status=200 duration_ms=3.2
2026-09-21T09:17:42-03:00 INFO request_id=req-normal-00222 method=GET path=/api/documents/12 status=200 duration_ms=4.2
2026-09-21T09:18:03-03:00 INFO request_id=req-normal-00223 method=GET path=/api/search status=200 duration_ms=5.2
2026-09-21T09:18:24-03:00 INFO request_id=req-normal-00224 method=POST path=/api/login status=200 duration_ms=6.2
2026-09-21T09:18:45-03:00 INFO request_id=req-normal-00225 method=GET path=/api/search status=200 duration_ms=7.2
2026-09-21T09:19:06-03:00 INFO request_id=req-normal-00226 method=GET path=/api/categories status=200 duration_ms=8.2
2026-09-21T09:19:27-03:00 INFO request_id=req-normal-00227 method=GET path=/api/documents/12 status=200 duration_ms=9.2
2026-09-21T09:19:48-03:00 INFO request_id=req-normal-00228 method=GET path=/api/search status=200 duration_ms=10.2
2026-09-21T09:20:09-03:00 INFO request_id=req-normal-00229 method=POST path=/api/login status=200 duration_ms=11.2
2026-09-21T09:20:30-03:00 INFO request_id=req-normal-00230 method=GET path=/api/search status=200 duration_ms=12.2
2026-09-21T09:20:51-03:00 INFO request_id=req-normal-00231 method=GET path=/api/categories status=200 duration_ms=13.2
2026-09-21T09:21:12-03:00 INFO request_id=req-normal-00232 method=GET path=/api/documents/12 status=200 duration_ms=14.2
2026-09-21T09:21:33-03:00 INFO request_id=req-normal-00233 method=GET path=/api/search status=200 duration_ms=15.2
2026-09-21T09:21:54-03:00 INFO request_id=req-normal-00234 method=POST path=/api/login status=200 duration_ms=16.2
2026-09-21T09:22:15-03:00 INFO request_id=req-normal-00235 method=GET path=/api/search status=200 duration_ms=17.2
2026-09-21T09:22:36-03:00 INFO request_id=req-normal-00236 method=GET path=/api/categories status=200 duration_ms=18.2
2026-09-21T09:22:57-03:00 INFO request_id=req-normal-00237 method=GET path=/api/documents/12 status=200 duration_ms=19.2
2026-09-21T09:23:18-03:00 INFO request_id=req-normal-00238 method=GET path=/api/search status=200 duration_ms=3.2
2026-09-21T09:23:39-03:00 INFO request_id=req-normal-00239 method=POST path=/api/login status=200 duration_ms=4.2
2026-09-21T09:24:00-03:00 INFO request_id=req-normal-00240 method=GET path=/api/search status=200 duration_ms=5.2
2026-09-21T09:24:21-03:00 INFO request_id=req-normal-00241 method=GET path=/api/categories status=200 duration_ms=6.2
2026-09-21T09:24:42-03:00 INFO request_id=req-normal-00242 method=GET path=/api/documents/12 status=200 duration_ms=7.2
2026-09-21T09:25:03-03:00 INFO request_id=req-normal-00243 method=GET path=/api/search status=200 duration_ms=8.2
2026-09-21T09:25:24-03:00 INFO request_id=req-normal-00244 method=POST path=/api/login status=200 duration_ms=9.2
2026-09-21T09:25:45-03:00 INFO request_id=req-normal-00245 method=GET path=/api/search status=200 duration_ms=10.2
2026-09-21T09:26:06-03:00 INFO request_id=req-normal-00246 method=GET path=/api/categories status=200 duration_ms=11.2
2026-09-21T09:26:27-03:00 INFO request_id=req-normal-00247 method=GET path=/api/documents/12 status=200 duration_ms=12.2
2026-09-21T09:26:48-03:00 INFO request_id=req-normal-00248 method=GET path=/api/search status=200 duration_ms=13.2
2026-09-21T09:27:09-03:00 INFO request_id=req-normal-00249 method=POST path=/api/login status=200 duration_ms=14.2
2026-09-21T09:27:30-03:00 INFO request_id=req-normal-00250 method=GET path=/api/search status=200 duration_ms=15.2
2026-09-21T09:27:51-03:00 INFO request_id=req-normal-00251 method=GET path=/api/categories status=200 duration_ms=16.2
2026-09-21T09:28:12-03:00 INFO request_id=req-normal-00252 method=GET path=/api/documents/12 status=200 duration_ms=17.2
2026-09-21T09:28:33-03:00 INFO request_id=req-normal-00253 method=GET path=/api/search status=200 duration_ms=18.2
2026-09-21T09:28:54-03:00 INFO request_id=req-normal-00254 method=POST path=/api/login status=200 duration_ms=19.2
2026-09-21T09:29:15-03:00 INFO request_id=req-normal-00255 method=GET path=/api/search status=200 duration_ms=3.2
2026-09-21T09:29:36-03:00 INFO request_id=req-normal-00256 method=GET path=/api/categories status=200 duration_ms=4.2
2026-09-21T09:29:57-03:00 INFO request_id=req-normal-00257 method=GET path=/api/documents/12 status=200 duration_ms=5.2
2026-09-21T09:30:18-03:00 INFO request_id=req-normal-00258 method=GET path=/api/search status=200 duration_ms=6.2
2026-09-21T09:30:39-03:00 INFO request_id=req-normal-00259 method=POST path=/api/login status=200 duration_ms=7.2
2026-09-21T09:31:00-03:00 INFO request_id=req-normal-00260 method=GET path=/api/search status=200 duration_ms=8.2
2026-09-21T09:31:21-03:00 INFO request_id=req-normal-00261 method=GET path=/api/categories status=200 duration_ms=9.2
2026-09-21T09:31:42-03:00 INFO request_id=req-normal-00262 method=GET path=/api/documents/12 status=200 duration_ms=10.2
2026-09-21T09:32:03-03:00 INFO request_id=req-normal-00263 method=GET path=/api/search status=200 duration_ms=11.2
2026-09-21T09:32:24-03:00 INFO request_id=req-normal-00264 method=POST path=/api/login status=200 duration_ms=12.2
2026-09-21T09:32:45-03:00 INFO request_id=req-normal-00265 method=GET path=/api/search status=200 duration_ms=13.2
2026-09-21T09:33:06-03:00 INFO request_id=req-normal-00266 method=GET path=/api/categories status=200 duration_ms=14.2
2026-09-21T09:33:27-03:00 INFO request_id=req-normal-00267 method=GET path=/api/documents/12 status=200 duration_ms=15.2
2026-09-21T09:33:48-03:00 INFO request_id=req-normal-00268 method=GET path=/api/search status=200 duration_ms=16.2
2026-09-21T09:34:09-03:00 INFO request_id=req-normal-00269 method=POST path=/api/login status=200 duration_ms=17.2
2026-09-21T09:34:30-03:00 INFO request_id=req-normal-00270 method=GET path=/api/search status=200 duration_ms=18.2
2026-09-21T09:34:51-03:00 INFO request_id=req-normal-00271 method=GET path=/api/categories status=200 duration_ms=19.2
2026-09-21T09:35:12-03:00 INFO request_id=req-normal-00272 method=GET path=/api/documents/12 status=200 duration_ms=3.2
2026-09-21T09:35:33-03:00 INFO request_id=req-normal-00273 method=GET path=/api/search status=200 duration_ms=4.2
2026-09-21T09:35:54-03:00 INFO request_id=req-normal-00274 method=POST path=/api/login status=200 duration_ms=5.2
2026-09-21T09:36:15-03:00 INFO request_id=req-normal-00275 method=GET path=/api/search status=200 duration_ms=6.2
2026-09-21T09:36:36-03:00 INFO request_id=req-normal-00276 method=GET path=/api/categories status=200 duration_ms=7.2
2026-09-21T09:36:57-03:00 INFO request_id=req-normal-00277 method=GET path=/api/documents/12 status=200 duration_ms=8.2
2026-09-21T09:37:18-03:00 INFO request_id=req-normal-00278 method=GET path=/api/search status=200 duration_ms=9.2
2026-09-21T09:37:39-03:00 INFO request_id=req-normal-00279 method=POST path=/api/login status=200 duration_ms=10.2
2026-09-21T09:38:00-03:00 INFO request_id=req-normal-00280 method=GET path=/api/search status=200 duration_ms=11.2
2026-09-21T09:38:21-03:00 INFO request_id=req-normal-00281 method=GET path=/api/categories status=200 duration_ms=12.2
2026-09-21T09:38:42-03:00 INFO request_id=req-normal-00282 method=GET path=/api/documents/12 status=200 duration_ms=13.2
2026-09-21T09:39:03-03:00 INFO request_id=req-normal-00283 method=GET path=/api/search status=200 duration_ms=14.2
2026-09-21T09:39:24-03:00 INFO request_id=req-normal-00284 method=POST path=/api/login status=200 duration_ms=15.2
2026-09-21T09:39:45-03:00 INFO request_id=req-normal-00285 method=GET path=/api/search status=200 duration_ms=16.2
2026-09-21T09:40:06-03:00 INFO request_id=req-normal-00286 method=GET path=/api/categories status=200 duration_ms=17.2
2026-09-21T09:40:27-03:00 INFO request_id=req-normal-00287 method=GET path=/api/documents/12 status=200 duration_ms=18.2
2026-09-21T09:40:48-03:00 INFO request_id=req-normal-00288 method=GET path=/api/search status=200 duration_ms=19.2
2026-09-21T09:41:09-03:00 INFO request_id=req-normal-00289 method=POST path=/api/login status=200 duration_ms=3.2
2026-09-21T09:41:30-03:00 INFO request_id=req-normal-00290 method=GET path=/api/search status=200 duration_ms=4.2
2026-09-21T09:41:51-03:00 INFO request_id=req-normal-00291 method=GET path=/api/categories status=200 duration_ms=5.2
2026-09-21T09:42:12-03:00 INFO request_id=req-normal-00292 method=GET path=/api/documents/12 status=200 duration_ms=6.2
2026-09-21T09:42:33-03:00 INFO request_id=req-normal-00293 method=GET path=/api/search status=200 duration_ms=7.2
2026-09-21T09:42:54-03:00 INFO request_id=req-normal-00294 method=POST path=/api/login status=200 duration_ms=8.2
2026-09-21T09:43:15-03:00 INFO request_id=req-normal-00295 method=GET path=/api/search status=200 duration_ms=9.2
2026-09-21T09:43:36-03:00 INFO request_id=req-normal-00296 method=GET path=/api/categories status=200 duration_ms=10.2
2026-09-21T09:43:57-03:00 INFO request_id=req-normal-00297 method=GET path=/api/documents/12 status=200 duration_ms=11.2
2026-09-21T09:44:18-03:00 INFO request_id=req-normal-00298 method=GET path=/api/search status=200 duration_ms=12.2
2026-09-21T09:44:39-03:00 INFO request_id=req-normal-00299 method=POST path=/api/login status=200 duration_ms=13.2
2026-09-21T09:45:00-03:00 INFO request_id=req-normal-00300 method=GET path=/api/search status=200 duration_ms=14.2
2026-09-21T09:45:21-03:00 INFO request_id=req-normal-00301 method=GET path=/api/categories status=200 duration_ms=15.2
2026-09-21T09:45:42-03:00 INFO request_id=req-normal-00302 method=GET path=/api/documents/12 status=200 duration_ms=16.2
2026-09-21T09:46:03-03:00 INFO request_id=req-normal-00303 method=GET path=/api/search status=200 duration_ms=17.2
2026-09-21T09:46:24-03:00 INFO request_id=req-normal-00304 method=POST path=/api/login status=200 duration_ms=18.2
2026-09-21T09:46:45-03:00 INFO request_id=req-normal-00305 method=GET path=/api/search status=200 duration_ms=19.2
2026-09-21T09:47:06-03:00 INFO request_id=req-normal-00306 method=GET path=/api/categories status=200 duration_ms=3.2
2026-09-21T09:47:27-03:00 INFO request_id=req-normal-00307 method=GET path=/api/documents/12 status=200 duration_ms=4.2
2026-09-21T09:47:48-03:00 INFO request_id=req-normal-00308 method=GET path=/api/search status=200 duration_ms=5.2
2026-09-21T09:48:09-03:00 INFO request_id=req-normal-00309 method=POST path=/api/login status=200 duration_ms=6.2
2026-09-21T09:48:30-03:00 INFO request_id=req-normal-00310 method=GET path=/api/search status=200 duration_ms=7.2
2026-09-21T09:48:51-03:00 INFO request_id=req-normal-00311 method=GET path=/api/categories status=200 duration_ms=8.2
2026-09-21T09:49:12-03:00 INFO request_id=req-normal-00312 method=GET path=/api/documents/12 status=200 duration_ms=9.2
2026-09-21T09:49:33-03:00 INFO request_id=req-normal-00313 method=GET path=/api/search status=200 duration_ms=10.2
2026-09-21T09:49:54-03:00 INFO request_id=req-normal-00314 method=POST path=/api/login status=200 duration_ms=11.2
2026-09-21T09:50:15-03:00 INFO request_id=req-normal-00315 method=GET path=/api/search status=200 duration_ms=12.2
2026-09-21T09:50:36-03:00 INFO request_id=req-normal-00316 method=GET path=/api/categories status=200 duration_ms=13.2
2026-09-21T09:50:57-03:00 INFO request_id=req-normal-00317 method=GET path=/api/documents/12 status=200 duration_ms=14.2
2026-09-21T09:51:18-03:00 INFO request_id=req-normal-00318 method=GET path=/api/search status=200 duration_ms=15.2
2026-09-21T09:51:39-03:00 INFO request_id=req-normal-00319 method=POST path=/api/login status=200 duration_ms=16.2
2026-09-21T09:52:00-03:00 INFO request_id=req-normal-00320 method=GET path=/api/search status=200 duration_ms=17.2
2026-09-21T09:52:21-03:00 INFO request_id=req-normal-00321 method=GET path=/api/categories status=200 duration_ms=18.2
2026-09-21T09:52:42-03:00 INFO request_id=req-normal-00322 method=GET path=/api/documents/12 status=200 duration_ms=19.2
2026-09-21T09:53:03-03:00 INFO request_id=req-normal-00323 method=GET path=/api/search status=200 duration_ms=3.2
2026-09-21T09:53:24-03:00 INFO request_id=req-normal-00324 method=POST path=/api/login status=200 duration_ms=4.2
2026-09-21T09:53:45-03:00 INFO request_id=req-normal-00325 method=GET path=/api/search status=200 duration_ms=5.2
2026-09-21T09:54:06-03:00 INFO request_id=req-normal-00326 method=GET path=/api/categories status=200 duration_ms=6.2
2026-09-21T09:54:27-03:00 INFO request_id=req-normal-00327 method=GET path=/api/documents/12 status=200 duration_ms=7.2
2026-09-21T09:54:48-03:00 INFO request_id=req-normal-00328 method=GET path=/api/search status=200 duration_ms=8.2
2026-09-21T09:55:09-03:00 INFO request_id=req-normal-00329 method=POST path=/api/login status=200 duration_ms=9.2
2026-09-21T09:55:30-03:00 INFO request_id=req-normal-00330 method=GET path=/api/search status=200 duration_ms=10.2
2026-09-21T09:55:51-03:00 INFO request_id=req-normal-00331 method=GET path=/api/categories status=200 duration_ms=11.2
2026-09-21T09:56:12-03:00 INFO request_id=req-normal-00332 method=GET path=/api/documents/12 status=200 duration_ms=12.2
2026-09-21T09:56:33-03:00 INFO request_id=req-normal-00333 method=GET path=/api/search status=200 duration_ms=13.2
2026-09-21T09:56:54-03:00 INFO request_id=req-normal-00334 method=POST path=/api/login status=200 duration_ms=14.2
2026-09-21T09:57:15-03:00 INFO request_id=req-normal-00335 method=GET path=/api/search status=200 duration_ms=15.2
2026-09-21T09:57:36-03:00 INFO request_id=req-normal-00336 method=GET path=/api/categories status=200 duration_ms=16.2
2026-09-21T09:57:57-03:00 INFO request_id=req-normal-00337 method=GET path=/api/documents/12 status=200 duration_ms=17.2
2026-09-21T09:58:18-03:00 INFO request_id=req-normal-00338 method=GET path=/api/search status=200 duration_ms=18.2
2026-09-21T09:58:39-03:00 INFO request_id=req-normal-00339 method=POST path=/api/login status=200 duration_ms=19.2
2026-09-21T09:59:00-03:00 INFO request_id=req-normal-00340 method=GET path=/api/search status=200 duration_ms=3.2
2026-09-21T09:59:21-03:00 INFO request_id=req-normal-00341 method=GET path=/api/categories status=200 duration_ms=4.2
2026-09-21T09:59:42-03:00 INFO request_id=req-normal-00342 method=GET path=/api/documents/12 status=200 duration_ms=5.2
2026-09-21T10:00:03-03:00 INFO request_id=req-normal-00343 method=GET path=/api/search status=200 duration_ms=6.2
2026-09-21T10:00:24-03:00 INFO request_id=req-normal-00344 method=POST path=/api/login status=200 duration_ms=7.2
2026-09-21T10:00:45-03:00 INFO request_id=req-normal-00345 method=GET path=/api/search status=200 duration_ms=8.2
2026-09-21T10:01:06-03:00 INFO request_id=req-normal-00346 method=GET path=/api/categories status=200 duration_ms=9.2
2026-09-21T10:01:27-03:00 INFO request_id=req-normal-00347 method=GET path=/api/documents/12 status=200 duration_ms=10.2
2026-09-21T10:01:48-03:00 INFO request_id=req-normal-00348 method=GET path=/api/search status=200 duration_ms=11.2
2026-09-21T10:02:09-03:00 INFO request_id=req-normal-00349 method=POST path=/api/login status=200 duration_ms=12.2
2026-09-21T10:02:30-03:00 INFO request_id=req-normal-00350 method=GET path=/api/search status=200 duration_ms=13.2
2026-09-21T10:02:51-03:00 INFO request_id=req-normal-00351 method=GET path=/api/categories status=200 duration_ms=14.2
2026-09-21T10:03:12-03:00 INFO request_id=req-normal-00352 method=GET path=/api/documents/12 status=200 duration_ms=15.2
2026-09-21T10:03:33-03:00 INFO request_id=req-normal-00353 method=GET path=/api/search status=200 duration_ms=16.2
2026-09-21T10:03:54-03:00 INFO request_id=req-normal-00354 method=POST path=/api/login status=200 duration_ms=17.2
2026-09-21T10:04:15-03:00 INFO request_id=req-normal-00355 method=GET path=/api/search status=200 duration_ms=18.2
2026-09-21T10:04:36-03:00 INFO request_id=req-normal-00356 method=GET path=/api/categories status=200 duration_ms=19.2
2026-09-21T10:04:57-03:00 INFO request_id=req-normal-00357 method=GET path=/api/documents/12 status=200 duration_ms=3.2
2026-09-21T10:05:18-03:00 INFO request_id=req-normal-00358 method=GET path=/api/search status=200 duration_ms=4.2
2026-09-21T10:05:39-03:00 INFO request_id=req-normal-00359 method=POST path=/api/login status=200 duration_ms=5.2
2026-09-21T10:06:00-03:00 INFO request_id=req-normal-00360 method=GET path=/api/search status=200 duration_ms=6.2
2026-09-21T10:06:21-03:00 INFO request_id=req-normal-00361 method=GET path=/api/categories status=200 duration_ms=7.2
2026-09-21T10:06:42-03:00 INFO request_id=req-normal-00362 method=GET path=/api/documents/12 status=200 duration_ms=8.2
2026-09-21T10:07:03-03:00 INFO request_id=req-normal-00363 method=GET path=/api/search status=200 duration_ms=9.2
2026-09-21T10:07:24-03:00 INFO request_id=req-normal-00364 method=POST path=/api/login status=200 duration_ms=10.2
2026-09-21T10:07:45-03:00 INFO request_id=req-normal-00365 method=GET path=/api/search status=200 duration_ms=11.2
2026-09-21T10:08:06-03:00 INFO request_id=req-normal-00366 method=GET path=/api/categories status=200 duration_ms=12.2
2026-09-21T10:08:27-03:00 INFO request_id=req-normal-00367 method=GET path=/api/documents/12 status=200 duration_ms=13.2
2026-09-21T10:08:48-03:00 INFO request_id=req-normal-00368 method=GET path=/api/search status=200 duration_ms=14.2
2026-09-21T10:09:09-03:00 INFO request_id=req-normal-00369 method=POST path=/api/login status=200 duration_ms=15.2
2026-09-21T10:09:30-03:00 INFO request_id=req-normal-00370 method=GET path=/api/search status=200 duration_ms=16.2
2026-09-21T10:09:51-03:00 INFO request_id=req-normal-00371 method=GET path=/api/categories status=200 duration_ms=17.2
2026-09-21T10:10:12-03:00 INFO request_id=req-normal-00372 method=GET path=/api/documents/12 status=200 duration_ms=18.2
2026-09-21T10:10:33-03:00 INFO request_id=req-normal-00373 method=GET path=/api/search status=200 duration_ms=19.2
2026-09-21T10:10:54-03:00 INFO request_id=req-normal-00374 method=POST path=/api/login status=200 duration_ms=3.2
2026-09-21T10:11:15-03:00 INFO request_id=req-normal-00375 method=GET path=/api/search status=200 duration_ms=4.2
2026-09-21T10:11:36-03:00 INFO request_id=req-normal-00376 method=GET path=/api/categories status=200 duration_ms=5.2
2026-09-21T10:11:57-03:00 INFO request_id=req-normal-00377 method=GET path=/api/documents/12 status=200 duration_ms=6.2
2026-09-21T10:12:18-03:00 INFO request_id=req-normal-00378 method=GET path=/api/search status=200 duration_ms=7.2
2026-09-21T10:12:39-03:00 INFO request_id=req-normal-00379 method=POST path=/api/login status=200 duration_ms=8.2
2026-09-21T10:13:00-03:00 INFO request_id=req-normal-00380 method=GET path=/api/search status=200 duration_ms=9.2
2026-09-21T10:13:21-03:00 INFO request_id=req-normal-00381 method=GET path=/api/categories status=200 duration_ms=10.2
2026-09-21T10:13:42-03:00 INFO request_id=req-normal-00382 method=GET path=/api/documents/12 status=200 duration_ms=11.2
2026-09-21T10:14:03-03:00 INFO request_id=req-normal-00383 method=GET path=/api/search status=200 duration_ms=12.2
2026-09-21T10:14:24-03:00 INFO request_id=req-normal-00384 method=POST path=/api/login status=200 duration_ms=13.2
2026-09-21T10:14:45-03:00 INFO request_id=req-normal-00385 method=GET path=/api/search status=200 duration_ms=14.2
2026-09-21T10:15:06-03:00 INFO request_id=req-normal-00386 method=GET path=/api/categories status=200 duration_ms=15.2
2026-09-21T10:15:27-03:00 INFO request_id=req-normal-00387 method=GET path=/api/documents/12 status=200 duration_ms=16.2
2026-09-21T10:15:48-03:00 INFO request_id=req-normal-00388 method=GET path=/api/search status=200 duration_ms=17.2
2026-09-21T10:16:09-03:00 INFO request_id=req-normal-00389 method=POST path=/api/login status=200 duration_ms=18.2
2026-09-21T10:16:30-03:00 INFO request_id=req-normal-00390 method=GET path=/api/search status=200 duration_ms=19.2
2026-09-21T10:16:51-03:00 INFO request_id=req-normal-00391 method=GET path=/api/categories status=200 duration_ms=3.2
2026-09-21T10:17:12-03:00 INFO request_id=req-normal-00392 method=GET path=/api/documents/12 status=200 duration_ms=4.2
2026-09-21T10:17:33-03:00 INFO request_id=req-normal-00393 method=GET path=/api/search status=200 duration_ms=5.2
2026-09-21T10:17:54-03:00 INFO request_id=req-normal-00394 method=POST path=/api/login status=200 duration_ms=6.2
2026-09-21T10:18:15-03:00 INFO request_id=req-normal-00395 method=GET path=/api/search status=200 duration_ms=7.2
2026-09-21T10:18:36-03:00 INFO request_id=req-normal-00396 method=GET path=/api/categories status=200 duration_ms=8.2
2026-09-21T10:18:57-03:00 INFO request_id=req-normal-00397 method=GET path=/api/documents/12 status=200 duration_ms=9.2
2026-09-21T10:19:18-03:00 INFO request_id=req-normal-00398 method=GET path=/api/search status=200 duration_ms=10.2
2026-09-21T10:19:39-03:00 INFO request_id=req-normal-00399 method=POST path=/api/login status=200 duration_ms=11.2
2026-09-21T10:20:00-03:00 INFO request_id=req-normal-00400 method=GET path=/api/search status=200 duration_ms=12.2
2026-09-21T10:20:21-03:00 INFO request_id=req-normal-00401 method=GET path=/api/categories status=200 duration_ms=13.2
2026-09-21T10:20:42-03:00 INFO request_id=req-normal-00402 method=GET path=/api/documents/12 status=200 duration_ms=14.2
2026-09-21T10:21:03-03:00 INFO request_id=req-normal-00403 method=GET path=/api/search status=200 duration_ms=15.2
2026-09-21T10:21:24-03:00 INFO request_id=req-normal-00404 method=POST path=/api/login status=200 duration_ms=16.2
2026-09-21T10:21:45-03:00 INFO request_id=req-normal-00405 method=GET path=/api/search status=200 duration_ms=17.2
2026-09-21T10:22:06-03:00 INFO request_id=req-normal-00406 method=GET path=/api/categories status=200 duration_ms=18.2
2026-09-21T10:22:27-03:00 INFO request_id=req-normal-00407 method=GET path=/api/documents/12 status=200 duration_ms=19.2
2026-09-21T10:22:48-03:00 INFO request_id=req-normal-00408 method=GET path=/api/search status=200 duration_ms=3.2
2026-09-21T10:23:09-03:00 INFO request_id=req-normal-00409 method=POST path=/api/login status=200 duration_ms=4.2
2026-09-21T10:23:30-03:00 INFO request_id=req-normal-00410 method=GET path=/api/search status=200 duration_ms=5.2
2026-09-21T10:23:51-03:00 INFO request_id=req-normal-00411 method=GET path=/api/categories status=200 duration_ms=6.2
2026-09-21T10:24:12-03:00 INFO request_id=req-normal-00412 method=GET path=/api/documents/12 status=200 duration_ms=7.2
2026-09-21T10:24:33-03:00 INFO request_id=req-normal-00413 method=GET path=/api/search status=200 duration_ms=8.2
2026-09-21T10:24:54-03:00 INFO request_id=req-normal-00414 method=POST path=/api/login status=200 duration_ms=9.2
2026-09-21T10:25:15-03:00 INFO request_id=req-normal-00415 method=GET path=/api/search status=200 duration_ms=10.2
2026-09-21T10:25:36-03:00 INFO request_id=req-normal-00416 method=GET path=/api/categories status=200 duration_ms=11.2
2026-09-21T10:25:57-03:00 INFO request_id=req-normal-00417 method=GET path=/api/documents/12 status=200 duration_ms=12.2
2026-09-21T10:26:18-03:00 INFO request_id=req-normal-00418 method=GET path=/api/search status=200 duration_ms=13.2
2026-09-21T10:26:39-03:00 INFO request_id=req-normal-00419 method=POST path=/api/login status=200 duration_ms=14.2
2026-09-21T10:27:00-03:00 INFO request_id=req-normal-00420 method=GET path=/api/search status=200 duration_ms=15.2
2026-09-21T10:27:21-03:00 INFO request_id=req-normal-00421 method=GET path=/api/categories status=200 duration_ms=16.2
2026-09-21T10:27:42-03:00 INFO request_id=req-normal-00422 method=GET path=/api/documents/12 status=200 duration_ms=17.2
2026-09-21T10:28:03-03:00 INFO request_id=req-normal-00423 method=GET path=/api/search status=200 duration_ms=18.2
2026-09-21T10:28:24-03:00 INFO request_id=req-normal-00424 method=POST path=/api/login status=200 duration_ms=19.2
2026-09-21T10:28:45-03:00 INFO request_id=req-normal-00425 method=GET path=/api/search status=200 duration_ms=3.2
2026-09-21T10:29:06-03:00 INFO request_id=req-normal-00426 method=GET path=/api/categories status=200 duration_ms=4.2
2026-09-21T10:29:27-03:00 INFO request_id=req-normal-00427 method=GET path=/api/documents/12 status=200 duration_ms=5.2
2026-09-21T10:29:48-03:00 INFO request_id=req-normal-00428 method=GET path=/api/search status=200 duration_ms=6.2
2026-09-21T10:30:09-03:00 INFO request_id=req-normal-00429 method=POST path=/api/login status=200 duration_ms=7.2
2026-09-21T10:30:30-03:00 INFO request_id=req-normal-00430 method=GET path=/api/search status=200 duration_ms=8.2
2026-09-21T10:30:51-03:00 INFO request_id=req-normal-00431 method=GET path=/api/categories status=200 duration_ms=9.2
2026-09-21T10:31:12-03:00 INFO request_id=req-normal-00432 method=GET path=/api/documents/12 status=200 duration_ms=10.2
2026-09-21T10:31:33-03:00 INFO request_id=req-normal-00433 method=GET path=/api/search status=200 duration_ms=11.2
2026-09-21T10:31:54-03:00 INFO request_id=req-normal-00434 method=POST path=/api/login status=200 duration_ms=12.2
2026-09-21T10:32:15-03:00 INFO request_id=req-normal-00435 method=GET path=/api/search status=200 duration_ms=13.2
2026-09-21T10:32:36-03:00 INFO request_id=req-normal-00436 method=GET path=/api/categories status=200 duration_ms=14.2
2026-09-21T10:32:57-03:00 INFO request_id=req-normal-00437 method=GET path=/api/documents/12 status=200 duration_ms=15.2
2026-09-21T10:33:18-03:00 INFO request_id=req-normal-00438 method=GET path=/api/search status=200 duration_ms=16.2
2026-09-21T10:33:39-03:00 INFO request_id=req-normal-00439 method=POST path=/api/login status=200 duration_ms=17.2
2026-09-21T10:34:00-03:00 INFO request_id=req-normal-00440 method=GET path=/api/search status=200 duration_ms=18.2
2026-09-21T10:34:21-03:00 INFO request_id=req-normal-00441 method=GET path=/api/categories status=200 duration_ms=19.2
2026-09-21T10:34:42-03:00 INFO request_id=req-normal-00442 method=GET path=/api/documents/12 status=200 duration_ms=3.2
2026-09-21T10:35:03-03:00 INFO request_id=req-normal-00443 method=GET path=/api/search status=200 duration_ms=4.2
2026-09-21T10:35:24-03:00 INFO request_id=req-normal-00444 method=POST path=/api/login status=200 duration_ms=5.2
2026-09-21T10:35:45-03:00 INFO request_id=req-normal-00445 method=GET path=/api/search status=200 duration_ms=6.2
2026-09-21T10:36:06-03:00 INFO request_id=req-normal-00446 method=GET path=/api/categories status=200 duration_ms=7.2
2026-09-21T10:36:27-03:00 INFO request_id=req-normal-00447 method=GET path=/api/documents/12 status=200 duration_ms=8.2
2026-09-21T10:36:48-03:00 INFO request_id=req-normal-00448 method=GET path=/api/search status=200 duration_ms=9.2
2026-09-21T10:37:09-03:00 INFO request_id=req-normal-00449 method=POST path=/api/login status=200 duration_ms=10.2
2026-09-21T10:37:30-03:00 INFO request_id=req-normal-00450 method=GET path=/api/search status=200 duration_ms=11.2
2026-09-21T10:37:51-03:00 INFO request_id=req-normal-00451 method=GET path=/api/categories status=200 duration_ms=12.2
2026-09-21T10:38:12-03:00 INFO request_id=req-normal-00452 method=GET path=/api/documents/12 status=200 duration_ms=13.2
2026-09-21T10:38:33-03:00 INFO request_id=req-normal-00453 method=GET path=/api/search status=200 duration_ms=14.2
2026-09-21T10:38:54-03:00 INFO request_id=req-normal-00454 method=POST path=/api/login status=200 duration_ms=15.2
2026-09-21T10:39:15-03:00 INFO request_id=req-normal-00455 method=GET path=/api/search status=200 duration_ms=16.2
2026-09-21T10:39:36-03:00 INFO request_id=req-normal-00456 method=GET path=/api/categories status=200 duration_ms=17.2
2026-09-21T10:39:57-03:00 INFO request_id=req-normal-00457 method=GET path=/api/documents/12 status=200 duration_ms=18.2
2026-09-21T10:40:18-03:00 INFO request_id=req-normal-00458 method=GET path=/api/search status=200 duration_ms=19.2
2026-09-21T10:40:39-03:00 INFO request_id=req-normal-00459 method=POST path=/api/login status=200 duration_ms=3.2
2026-09-21T10:41:00-03:00 INFO request_id=req-normal-00460 method=GET path=/api/search status=200 duration_ms=4.2
2026-09-21T10:41:21-03:00 INFO request_id=req-normal-00461 method=GET path=/api/categories status=200 duration_ms=5.2
2026-09-21T10:41:42-03:00 INFO request_id=req-normal-00462 method=GET path=/api/documents/12 status=200 duration_ms=6.2
2026-09-21T10:42:03-03:00 INFO request_id=req-normal-00463 method=GET path=/api/search status=200 duration_ms=7.2
2026-09-21T10:42:24-03:00 INFO request_id=req-normal-00464 method=POST path=/api/login status=200 duration_ms=8.2
2026-09-21T10:42:45-03:00 INFO request_id=req-normal-00465 method=GET path=/api/search status=200 duration_ms=9.2
2026-09-21T10:43:06-03:00 INFO request_id=req-normal-00466 method=GET path=/api/categories status=200 duration_ms=10.2
2026-09-21T10:43:27-03:00 INFO request_id=req-normal-00467 method=GET path=/api/documents/12 status=200 duration_ms=11.2
2026-09-21T10:43:48-03:00 INFO request_id=req-normal-00468 method=GET path=/api/search status=200 duration_ms=12.2
2026-09-21T10:44:09-03:00 INFO request_id=req-normal-00469 method=POST path=/api/login status=200 duration_ms=13.2
2026-09-21T10:44:30-03:00 INFO request_id=req-normal-00470 method=GET path=/api/search status=200 duration_ms=14.2
2026-09-21T10:44:51-03:00 INFO request_id=req-normal-00471 method=GET path=/api/categories status=200 duration_ms=15.2
2026-09-21T10:45:12-03:00 INFO request_id=req-normal-00472 method=GET path=/api/documents/12 status=200 duration_ms=16.2
2026-09-21T10:45:33-03:00 INFO request_id=req-normal-00473 method=GET path=/api/search status=200 duration_ms=17.2
2026-09-21T10:45:54-03:00 INFO request_id=req-normal-00474 method=POST path=/api/login status=200 duration_ms=18.2
2026-09-21T10:46:15-03:00 INFO request_id=req-normal-00475 method=GET path=/api/search status=200 duration_ms=19.2
2026-09-21T10:46:36-03:00 INFO request_id=req-normal-00476 method=GET path=/api/categories status=200 duration_ms=3.2
2026-09-21T10:46:57-03:00 INFO request_id=req-normal-00477 method=GET path=/api/documents/12 status=200 duration_ms=4.2
2026-09-21T10:47:18-03:00 INFO request_id=req-normal-00478 method=GET path=/api/search status=200 duration_ms=5.2
2026-09-21T10:47:39-03:00 INFO request_id=req-normal-00479 method=POST path=/api/login status=200 duration_ms=6.2
2026-09-21T10:48:00-03:00 INFO request_id=req-normal-00480 method=GET path=/api/search status=200 duration_ms=7.2
2026-09-21T10:48:21-03:00 INFO request_id=req-normal-00481 method=GET path=/api/categories status=200 duration_ms=8.2
2026-09-21T10:48:42-03:00 INFO request_id=req-normal-00482 method=GET path=/api/documents/12 status=200 duration_ms=9.2
2026-09-21T10:49:03-03:00 INFO request_id=req-normal-00483 method=GET path=/api/search status=200 duration_ms=10.2
2026-09-21T10:49:24-03:00 INFO request_id=req-normal-00484 method=POST path=/api/login status=200 duration_ms=11.2
2026-09-21T10:49:45-03:00 INFO request_id=req-normal-00485 method=GET path=/api/search status=200 duration_ms=12.2
2026-09-21T10:50:06-03:00 INFO request_id=req-normal-00486 method=GET path=/api/categories status=200 duration_ms=13.2
2026-09-21T10:50:27-03:00 INFO request_id=req-normal-00487 method=GET path=/api/documents/12 status=200 duration_ms=14.2
2026-09-21T10:50:48-03:00 INFO request_id=req-normal-00488 method=GET path=/api/search status=200 duration_ms=15.2
2026-09-21T10:51:09-03:00 INFO request_id=req-normal-00489 method=POST path=/api/login status=200 duration_ms=16.2
2026-09-21T10:51:30-03:00 INFO request_id=req-normal-00490 method=GET path=/api/search status=200 duration_ms=17.2
2026-09-21T10:51:51-03:00 INFO request_id=req-normal-00491 method=GET path=/api/categories status=200 duration_ms=18.2
2026-09-21T10:52:12-03:00 INFO request_id=req-normal-00492 method=GET path=/api/documents/12 status=200 duration_ms=19.2
2026-09-21T10:52:33-03:00 INFO request_id=req-normal-00493 method=GET path=/api/search status=200 duration_ms=3.2
2026-09-21T10:52:54-03:00 INFO request_id=req-normal-00494 method=POST path=/api/login status=200 duration_ms=4.2
2026-09-21T10:53:15-03:00 INFO request_id=req-normal-00495 method=GET path=/api/search status=200 duration_ms=5.2
2026-09-21T10:53:36-03:00 INFO request_id=req-normal-00496 method=GET path=/api/categories status=200 duration_ms=6.2
2026-09-21T10:53:57-03:00 INFO request_id=req-normal-00497 method=GET path=/api/documents/12 status=200 duration_ms=7.2
2026-09-21T10:54:18-03:00 INFO request_id=req-normal-00498 method=GET path=/api/search status=200 duration_ms=8.2
2026-09-21T10:54:39-03:00 INFO request_id=req-normal-00499 method=POST path=/api/login status=200 duration_ms=9.2
2026-09-21T10:55:00-03:00 INFO request_id=req-normal-00500 method=GET path=/api/search status=200 duration_ms=10.2
2026-09-21T10:55:21-03:00 INFO request_id=req-normal-00501 method=GET path=/api/categories status=200 duration_ms=11.2
2026-09-21T10:55:42-03:00 INFO request_id=req-normal-00502 method=GET path=/api/documents/12 status=200 duration_ms=12.2
2026-09-21T10:56:03-03:00 INFO request_id=req-normal-00503 method=GET path=/api/search status=200 duration_ms=13.2
2026-09-21T10:56:24-03:00 INFO request_id=req-normal-00504 method=POST path=/api/login status=200 duration_ms=14.2
2026-09-21T10:56:45-03:00 INFO request_id=req-normal-00505 method=GET path=/api/search status=200 duration_ms=15.2
2026-09-21T10:57:06-03:00 INFO request_id=req-normal-00506 method=GET path=/api/categories status=200 duration_ms=16.2
2026-09-21T10:57:27-03:00 INFO request_id=req-normal-00507 method=GET path=/api/documents/12 status=200 duration_ms=17.2
2026-09-21T10:57:48-03:00 INFO request_id=req-normal-00508 method=GET path=/api/search status=200 duration_ms=18.2
2026-09-21T10:58:09-03:00 INFO request_id=req-normal-00509 method=POST path=/api/login status=200 duration_ms=19.2
2026-09-21T10:58:30-03:00 INFO request_id=req-normal-00510 method=GET path=/api/search status=200 duration_ms=3.2
2026-09-21T10:58:51-03:00 INFO request_id=req-normal-00511 method=GET path=/api/categories status=200 duration_ms=4.2
2026-09-21T10:59:12-03:00 INFO request_id=req-normal-00512 method=GET path=/api/documents/12 status=200 duration_ms=5.2
2026-09-21T10:59:33-03:00 INFO request_id=req-normal-00513 method=GET path=/api/search status=200 duration_ms=6.2
2026-09-21T10:59:54-03:00 INFO request_id=req-normal-00514 method=POST path=/api/login status=200 duration_ms=7.2
2026-09-21T11:00:15-03:00 INFO request_id=req-normal-00515 method=GET path=/api/search status=200 duration_ms=8.2
2026-09-21T11:00:36-03:00 INFO request_id=req-normal-00516 method=GET path=/api/categories status=200 duration_ms=9.2
2026-09-21T11:00:57-03:00 INFO request_id=req-normal-00517 method=GET path=/api/documents/12 status=200 duration_ms=10.2
2026-09-21T11:01:18-03:00 INFO request_id=req-normal-00518 method=GET path=/api/search status=200 duration_ms=11.2
2026-09-21T11:01:39-03:00 INFO request_id=req-normal-00519 method=POST path=/api/login status=200 duration_ms=12.2
2026-09-21T11:02:00-03:00 INFO request_id=req-normal-00520 method=GET path=/api/search status=200 duration_ms=13.2
2026-09-21T11:02:21-03:00 INFO request_id=req-normal-00521 method=GET path=/api/categories status=200 duration_ms=14.2
2026-09-21T11:02:42-03:00 INFO request_id=req-normal-00522 method=GET path=/api/documents/12 status=200 duration_ms=15.2
2026-09-21T11:03:03-03:00 INFO request_id=req-normal-00523 method=GET path=/api/search status=200 duration_ms=16.2
2026-09-21T11:03:24-03:00 INFO request_id=req-normal-00524 method=POST path=/api/login status=200 duration_ms=17.2
2026-09-21T11:03:45-03:00 INFO request_id=req-normal-00525 method=GET path=/api/search status=200 duration_ms=18.2
2026-09-21T11:04:06-03:00 INFO request_id=req-normal-00526 method=GET path=/api/categories status=200 duration_ms=19.2
2026-09-21T11:04:27-03:00 INFO request_id=req-normal-00527 method=GET path=/api/documents/12 status=200 duration_ms=3.2
2026-09-21T11:04:48-03:00 INFO request_id=req-normal-00528 method=GET path=/api/search status=200 duration_ms=4.2
2026-09-21T11:05:09-03:00 INFO request_id=req-normal-00529 method=POST path=/api/login status=200 duration_ms=5.2
2026-09-21T11:05:30-03:00 INFO request_id=req-normal-00530 method=GET path=/api/search status=200 duration_ms=6.2
2026-09-21T11:05:51-03:00 INFO request_id=req-normal-00531 method=GET path=/api/categories status=200 duration_ms=7.2
2026-09-21T11:06:12-03:00 INFO request_id=req-normal-00532 method=GET path=/api/documents/12 status=200 duration_ms=8.2
2026-09-21T11:06:33-03:00 INFO request_id=req-normal-00533 method=GET path=/api/search status=200 duration_ms=9.2
2026-09-21T11:06:54-03:00 INFO request_id=req-normal-00534 method=POST path=/api/login status=200 duration_ms=10.2
2026-09-21T11:07:15-03:00 INFO request_id=req-normal-00535 method=GET path=/api/search status=200 duration_ms=11.2
2026-09-21T11:07:36-03:00 INFO request_id=req-normal-00536 method=GET path=/api/categories status=200 duration_ms=12.2
2026-09-21T11:07:57-03:00 INFO request_id=req-normal-00537 method=GET path=/api/documents/12 status=200 duration_ms=13.2
2026-09-21T11:08:18-03:00 INFO request_id=req-normal-00538 method=GET path=/api/search status=200 duration_ms=14.2
2026-09-21T11:08:39-03:00 INFO request_id=req-normal-00539 method=POST path=/api/login status=200 duration_ms=15.2
2026-09-21T11:09:00-03:00 INFO request_id=req-normal-00540 method=GET path=/api/search status=200 duration_ms=16.2
2026-09-21T11:09:21-03:00 INFO request_id=req-normal-00541 method=GET path=/api/categories status=200 duration_ms=17.2
2026-09-21T11:09:42-03:00 INFO request_id=req-normal-00542 method=GET path=/api/documents/12 status=200 duration_ms=18.2
2026-09-21T11:10:03-03:00 INFO request_id=req-normal-00543 method=GET path=/api/search status=200 duration_ms=19.2
2026-09-21T11:10:24-03:00 INFO request_id=req-normal-00544 method=POST path=/api/login status=200 duration_ms=3.2
2026-09-21T11:10:45-03:00 INFO request_id=req-normal-00545 method=GET path=/api/search status=200 duration_ms=4.2
2026-09-21T11:11:06-03:00 INFO request_id=req-normal-00546 method=GET path=/api/categories status=200 duration_ms=5.2
2026-09-21T11:11:27-03:00 INFO request_id=req-normal-00547 method=GET path=/api/documents/12 status=200 duration_ms=6.2
2026-09-21T11:11:48-03:00 INFO request_id=req-normal-00548 method=GET path=/api/search status=200 duration_ms=7.2
2026-09-21T11:12:09-03:00 INFO request_id=req-normal-00549 method=POST path=/api/login status=200 duration_ms=8.2
2026-09-21T11:12:30-03:00 INFO request_id=req-normal-00550 method=GET path=/api/search status=200 duration_ms=9.2
2026-09-21T11:12:51-03:00 INFO request_id=req-normal-00551 method=GET path=/api/categories status=200 duration_ms=10.2
2026-09-21T11:13:12-03:00 INFO request_id=req-normal-00552 method=GET path=/api/documents/12 status=200 duration_ms=11.2
2026-09-21T11:13:33-03:00 INFO request_id=req-normal-00553 method=GET path=/api/search status=200 duration_ms=12.2
2026-09-21T11:13:54-03:00 INFO request_id=req-normal-00554 method=POST path=/api/login status=200 duration_ms=13.2
2026-09-21T11:14:15-03:00 INFO request_id=req-normal-00555 method=GET path=/api/search status=200 duration_ms=14.2
2026-09-21T11:14:36-03:00 INFO request_id=req-normal-00556 method=GET path=/api/categories status=200 duration_ms=15.2
2026-09-21T11:14:57-03:00 INFO request_id=req-normal-00557 method=GET path=/api/documents/12 status=200 duration_ms=16.2
2026-09-21T11:15:18-03:00 INFO request_id=req-normal-00558 method=GET path=/api/search status=200 duration_ms=17.2
2026-09-21T11:15:39-03:00 INFO request_id=req-normal-00559 method=POST path=/api/login status=200 duration_ms=18.2
2026-09-21T11:16:00-03:00 INFO request_id=req-normal-00560 method=GET path=/api/search status=200 duration_ms=19.2
2026-09-21T11:16:21-03:00 INFO request_id=req-normal-00561 method=GET path=/api/categories status=200 duration_ms=3.2
2026-09-21T11:16:42-03:00 INFO request_id=req-normal-00562 method=GET path=/api/documents/12 status=200 duration_ms=4.2
2026-09-21T11:17:03-03:00 INFO request_id=req-normal-00563 method=GET path=/api/search status=200 duration_ms=5.2
2026-09-21T11:17:24-03:00 INFO request_id=req-normal-00564 method=POST path=/api/login status=200 duration_ms=6.2
2026-09-21T11:17:45-03:00 INFO request_id=req-normal-00565 method=GET path=/api/search status=200 duration_ms=7.2
2026-09-21T11:18:06-03:00 INFO request_id=req-normal-00566 method=GET path=/api/categories status=200 duration_ms=8.2
2026-09-21T11:18:27-03:00 INFO request_id=req-normal-00567 method=GET path=/api/documents/12 status=200 duration_ms=9.2
2026-09-21T11:18:48-03:00 INFO request_id=req-normal-00568 method=GET path=/api/search status=200 duration_ms=10.2
2026-09-21T11:19:09-03:00 INFO request_id=req-normal-00569 method=POST path=/api/login status=200 duration_ms=11.2
2026-09-21T11:19:30-03:00 INFO request_id=req-normal-00570 method=GET path=/api/search status=200 duration_ms=12.2
2026-09-21T11:19:51-03:00 INFO request_id=req-normal-00571 method=GET path=/api/categories status=200 duration_ms=13.2
2026-09-21T11:20:12-03:00 INFO request_id=req-normal-00572 method=GET path=/api/documents/12 status=200 duration_ms=14.2
2026-09-21T11:20:33-03:00 INFO request_id=req-normal-00573 method=GET path=/api/search status=200 duration_ms=15.2
2026-09-21T11:20:54-03:00 INFO request_id=req-normal-00574 method=POST path=/api/login status=200 duration_ms=16.2
2026-09-21T11:21:15-03:00 INFO request_id=req-normal-00575 method=GET path=/api/search status=200 duration_ms=17.2
2026-09-21T11:21:36-03:00 INFO request_id=req-normal-00576 method=GET path=/api/categories status=200 duration_ms=18.2
2026-09-21T11:21:57-03:00 INFO request_id=req-normal-00577 method=GET path=/api/documents/12 status=200 duration_ms=19.2
2026-09-21T11:22:18-03:00 INFO request_id=req-normal-00578 method=GET path=/api/search status=200 duration_ms=3.2
2026-09-21T11:22:39-03:00 INFO request_id=req-normal-00579 method=POST path=/api/login status=200 duration_ms=4.2
2026-09-21T11:23:00-03:00 INFO request_id=req-normal-00580 method=GET path=/api/search status=200 duration_ms=5.2
2026-09-21T11:23:21-03:00 INFO request_id=req-normal-00581 method=GET path=/api/categories status=200 duration_ms=6.2
2026-09-21T11:23:42-03:00 INFO request_id=req-normal-00582 method=GET path=/api/documents/12 status=200 duration_ms=7.2
2026-09-21T11:24:03-03:00 INFO request_id=req-normal-00583 method=GET path=/api/search status=200 duration_ms=8.2
2026-09-21T11:24:24-03:00 INFO request_id=req-normal-00584 method=POST path=/api/login status=200 duration_ms=9.2
2026-09-21T11:24:45-03:00 INFO request_id=req-normal-00585 method=GET path=/api/search status=200 duration_ms=10.2
2026-09-21T11:25:06-03:00 INFO request_id=req-normal-00586 method=GET path=/api/categories status=200 duration_ms=11.2
2026-09-21T11:25:27-03:00 INFO request_id=req-normal-00587 method=GET path=/api/documents/12 status=200 duration_ms=12.2
2026-09-21T11:25:48-03:00 INFO request_id=req-normal-00588 method=GET path=/api/search status=200 duration_ms=13.2
2026-09-21T11:26:09-03:00 INFO request_id=req-normal-00589 method=POST path=/api/login status=200 duration_ms=14.2
2026-09-21T11:26:30-03:00 INFO request_id=req-normal-00590 method=GET path=/api/search status=200 duration_ms=15.2
2026-09-21T11:26:51-03:00 INFO request_id=req-normal-00591 method=GET path=/api/categories status=200 duration_ms=16.2
2026-09-21T11:27:12-03:00 INFO request_id=req-normal-00592 method=GET path=/api/documents/12 status=200 duration_ms=17.2
2026-09-21T11:27:33-03:00 INFO request_id=req-normal-00593 method=GET path=/api/search status=200 duration_ms=18.2
2026-09-21T11:27:54-03:00 INFO request_id=req-normal-00594 method=POST path=/api/login status=200 duration_ms=19.2
2026-09-21T11:28:15-03:00 INFO request_id=req-normal-00595 method=GET path=/api/search status=200 duration_ms=3.2
2026-09-21T11:28:36-03:00 INFO request_id=req-normal-00596 method=GET path=/api/categories status=200 duration_ms=4.2
2026-09-21T11:28:57-03:00 INFO request_id=req-normal-00597 method=GET path=/api/documents/12 status=200 duration_ms=5.2
2026-09-21T11:29:18-03:00 INFO request_id=req-normal-00598 method=GET path=/api/search status=200 duration_ms=6.2
2026-09-21T11:29:39-03:00 INFO request_id=req-normal-00599 method=POST path=/api/login status=200 duration_ms=7.2
2026-09-21T11:30:00-03:00 INFO request_id=req-normal-00600 method=GET path=/api/search status=200 duration_ms=8.2
2026-09-21T11:30:21-03:00 INFO request_id=req-normal-00601 method=GET path=/api/categories status=200 duration_ms=9.2
2026-09-21T11:30:42-03:00 INFO request_id=req-normal-00602 method=GET path=/api/documents/12 status=200 duration_ms=10.2
2026-09-21T11:31:03-03:00 INFO request_id=req-normal-00603 method=GET path=/api/search status=200 duration_ms=11.2
2026-09-21T11:31:24-03:00 INFO request_id=req-normal-00604 method=POST path=/api/login status=200 duration_ms=12.2
2026-09-21T11:31:45-03:00 INFO request_id=req-normal-00605 method=GET path=/api/search status=200 duration_ms=13.2
2026-09-21T11:32:06-03:00 INFO request_id=req-normal-00606 method=GET path=/api/categories status=200 duration_ms=14.2
2026-09-21T11:32:27-03:00 INFO request_id=req-normal-00607 method=GET path=/api/documents/12 status=200 duration_ms=15.2
2026-09-21T11:32:48-03:00 INFO request_id=req-normal-00608 method=GET path=/api/search status=200 duration_ms=16.2
2026-09-21T11:33:09-03:00 INFO request_id=req-normal-00609 method=POST path=/api/login status=200 duration_ms=17.2
2026-09-21T11:33:30-03:00 INFO request_id=req-normal-00610 method=GET path=/api/search status=200 duration_ms=18.2
2026-09-21T11:33:51-03:00 INFO request_id=req-normal-00611 method=GET path=/api/categories status=200 duration_ms=19.2
2026-09-21T11:34:12-03:00 INFO request_id=req-normal-00612 method=GET path=/api/documents/12 status=200 duration_ms=3.2
2026-09-21T11:34:33-03:00 INFO request_id=req-normal-00613 method=GET path=/api/search status=200 duration_ms=4.2
2026-09-21T11:34:54-03:00 INFO request_id=req-normal-00614 method=POST path=/api/login status=200 duration_ms=5.2
2026-09-21T11:35:15-03:00 INFO request_id=req-normal-00615 method=GET path=/api/search status=200 duration_ms=6.2
2026-09-21T11:35:36-03:00 INFO request_id=req-normal-00616 method=GET path=/api/categories status=200 duration_ms=7.2
2026-09-21T11:35:57-03:00 INFO request_id=req-normal-00617 method=GET path=/api/documents/12 status=200 duration_ms=8.2
2026-09-21T11:36:18-03:00 INFO request_id=req-normal-00618 method=GET path=/api/search status=200 duration_ms=9.2
2026-09-21T11:36:39-03:00 INFO request_id=req-normal-00619 method=POST path=/api/login status=200 duration_ms=10.2
2026-09-21T11:37:00-03:00 INFO request_id=req-normal-00620 method=GET path=/api/search status=200 duration_ms=11.2
2026-09-21T11:37:21-03:00 INFO request_id=req-normal-00621 method=GET path=/api/categories status=200 duration_ms=12.2
2026-09-21T11:37:42-03:00 INFO request_id=req-normal-00622 method=GET path=/api/documents/12 status=200 duration_ms=13.2
2026-09-21T11:38:03-03:00 INFO request_id=req-normal-00623 method=GET path=/api/search status=200 duration_ms=14.2
2026-09-21T11:38:24-03:00 INFO request_id=req-normal-00624 method=POST path=/api/login status=200 duration_ms=15.2
2026-09-21T11:38:45-03:00 INFO request_id=req-normal-00625 method=GET path=/api/search status=200 duration_ms=16.2
2026-09-21T11:39:06-03:00 INFO request_id=req-normal-00626 method=GET path=/api/categories status=200 duration_ms=17.2
2026-09-21T11:39:27-03:00 INFO request_id=req-normal-00627 method=GET path=/api/documents/12 status=200 duration_ms=18.2
2026-09-21T11:39:48-03:00 INFO request_id=req-normal-00628 method=GET path=/api/search status=200 duration_ms=19.2
2026-09-21T11:40:09-03:00 INFO request_id=req-normal-00629 method=POST path=/api/login status=200 duration_ms=3.2
2026-09-21T11:40:30-03:00 INFO request_id=req-normal-00630 method=GET path=/api/search status=200 duration_ms=4.2
2026-09-21T11:40:51-03:00 INFO request_id=req-normal-00631 method=GET path=/api/categories status=200 duration_ms=5.2
2026-09-21T11:41:12-03:00 INFO request_id=req-normal-00632 method=GET path=/api/documents/12 status=200 duration_ms=6.2
2026-09-21T11:41:33-03:00 INFO request_id=req-normal-00633 method=GET path=/api/search status=200 duration_ms=7.2
2026-09-21T11:41:54-03:00 INFO request_id=req-normal-00634 method=POST path=/api/login status=200 duration_ms=8.2
2026-09-21T11:42:15-03:00 INFO request_id=req-normal-00635 method=GET path=/api/search status=200 duration_ms=9.2
2026-09-21T11:42:36-03:00 INFO request_id=req-normal-00636 method=GET path=/api/categories status=200 duration_ms=10.2
2026-09-21T11:42:57-03:00 INFO request_id=req-normal-00637 method=GET path=/api/documents/12 status=200 duration_ms=11.2
2026-09-21T11:43:18-03:00 INFO request_id=req-normal-00638 method=GET path=/api/search status=200 duration_ms=12.2
2026-09-21T11:43:39-03:00 INFO request_id=req-normal-00639 method=POST path=/api/login status=200 duration_ms=13.2
2026-09-21T11:44:00-03:00 INFO request_id=req-normal-00640 method=GET path=/api/search status=200 duration_ms=14.2
2026-09-21T11:44:21-03:00 INFO request_id=req-normal-00641 method=GET path=/api/categories status=200 duration_ms=15.2
2026-09-21T11:44:42-03:00 INFO request_id=req-normal-00642 method=GET path=/api/documents/12 status=200 duration_ms=16.2
2026-09-21T11:45:03-03:00 INFO request_id=req-normal-00643 method=GET path=/api/search status=200 duration_ms=17.2
2026-09-21T11:45:24-03:00 INFO request_id=req-normal-00644 method=POST path=/api/login status=200 duration_ms=18.2
2026-09-21T11:45:45-03:00 INFO request_id=req-normal-00645 method=GET path=/api/search status=200 duration_ms=19.2
2026-09-21T11:46:06-03:00 INFO request_id=req-normal-00646 method=GET path=/api/categories status=200 duration_ms=3.2
2026-09-21T11:46:27-03:00 INFO request_id=req-normal-00647 method=GET path=/api/documents/12 status=200 duration_ms=4.2
2026-09-21T11:46:48-03:00 INFO request_id=req-normal-00648 method=GET path=/api/search status=200 duration_ms=5.2
2026-09-21T11:47:09-03:00 INFO request_id=req-normal-00649 method=POST path=/api/login status=200 duration_ms=6.2
2026-09-21T11:47:30-03:00 INFO request_id=req-normal-00650 method=GET path=/api/search status=200 duration_ms=7.2
2026-09-21T11:47:51-03:00 INFO request_id=req-normal-00651 method=GET path=/api/categories status=200 duration_ms=8.2
2026-09-21T11:48:12-03:00 INFO request_id=req-normal-00652 method=GET path=/api/documents/12 status=200 duration_ms=9.2
2026-09-21T11:48:33-03:00 INFO request_id=req-normal-00653 method=GET path=/api/search status=200 duration_ms=10.2
2026-09-21T11:48:54-03:00 INFO request_id=req-normal-00654 method=POST path=/api/login status=200 duration_ms=11.2
2026-09-21T11:49:15-03:00 INFO request_id=req-normal-00655 method=GET path=/api/search status=200 duration_ms=12.2
2026-09-21T11:49:36-03:00 INFO request_id=req-normal-00656 method=GET path=/api/categories status=200 duration_ms=13.2
2026-09-21T11:49:57-03:00 INFO request_id=req-normal-00657 method=GET path=/api/documents/12 status=200 duration_ms=14.2
2026-09-21T11:50:18-03:00 INFO request_id=req-normal-00658 method=GET path=/api/search status=200 duration_ms=15.2
2026-09-21T11:50:39-03:00 INFO request_id=req-normal-00659 method=POST path=/api/login status=200 duration_ms=16.2
2026-09-21T11:51:00-03:00 INFO request_id=req-normal-00660 method=GET path=/api/search status=200 duration_ms=17.2
2026-09-21T11:51:21-03:00 INFO request_id=req-normal-00661 method=GET path=/api/categories status=200 duration_ms=18.2
2026-09-21T11:51:42-03:00 INFO request_id=req-normal-00662 method=GET path=/api/documents/12 status=200 duration_ms=19.2
2026-09-21T11:52:03-03:00 INFO request_id=req-normal-00663 method=GET path=/api/search status=200 duration_ms=3.2
2026-09-21T11:52:24-03:00 INFO request_id=req-normal-00664 method=POST path=/api/login status=200 duration_ms=4.2
2026-09-21T11:52:45-03:00 INFO request_id=req-normal-00665 method=GET path=/api/search status=200 duration_ms=5.2
2026-09-21T11:53:06-03:00 INFO request_id=req-normal-00666 method=GET path=/api/categories status=200 duration_ms=6.2
2026-09-21T11:53:27-03:00 INFO request_id=req-normal-00667 method=GET path=/api/documents/12 status=200 duration_ms=7.2
2026-09-21T11:53:48-03:00 INFO request_id=req-normal-00668 method=GET path=/api/search status=200 duration_ms=8.2
2026-09-21T11:54:09-03:00 INFO request_id=req-normal-00669 method=POST path=/api/login status=200 duration_ms=9.2
2026-09-21T11:54:30-03:00 INFO request_id=req-normal-00670 method=GET path=/api/search status=200 duration_ms=10.2
2026-09-21T11:54:51-03:00 INFO request_id=req-normal-00671 method=GET path=/api/categories status=200 duration_ms=11.2
2026-09-21T11:55:12-03:00 INFO request_id=req-normal-00672 method=GET path=/api/documents/12 status=200 duration_ms=12.2
2026-09-21T11:55:33-03:00 INFO request_id=req-normal-00673 method=GET path=/api/search status=200 duration_ms=13.2
2026-09-21T11:55:54-03:00 INFO request_id=req-normal-00674 method=POST path=/api/login status=200 duration_ms=14.2
2026-09-21T11:56:15-03:00 INFO request_id=req-normal-00675 method=GET path=/api/search status=200 duration_ms=15.2
2026-09-21T11:56:36-03:00 INFO request_id=req-normal-00676 method=GET path=/api/categories status=200 duration_ms=16.2
2026-09-21T11:56:57-03:00 INFO request_id=req-normal-00677 method=GET path=/api/documents/12 status=200 duration_ms=17.2
2026-09-21T11:57:18-03:00 INFO request_id=req-normal-00678 method=GET path=/api/search status=200 duration_ms=18.2
2026-09-21T11:57:39-03:00 INFO request_id=req-normal-00679 method=POST path=/api/login status=200 duration_ms=19.2
2026-09-21T11:58:00-03:00 INFO request_id=req-normal-00680 method=GET path=/api/search status=200 duration_ms=3.2
2026-09-21T11:58:21-03:00 INFO request_id=req-normal-00681 method=GET path=/api/categories status=200 duration_ms=4.2
2026-09-21T11:58:42-03:00 INFO request_id=req-normal-00682 method=GET path=/api/documents/12 status=200 duration_ms=5.2
2026-09-21T11:59:03-03:00 INFO request_id=req-normal-00683 method=GET path=/api/search status=200 duration_ms=6.2
2026-09-21T11:59:24-03:00 INFO request_id=req-normal-00684 method=POST path=/api/login status=200 duration_ms=7.2
2026-09-21T11:59:45-03:00 INFO request_id=req-normal-00685 method=GET path=/api/search status=200 duration_ms=8.2
2026-09-21T12:00:06-03:00 INFO request_id=req-normal-00686 method=GET path=/api/categories status=200 duration_ms=9.2
2026-09-21T12:00:27-03:00 INFO request_id=req-normal-00687 method=GET path=/api/documents/12 status=200 duration_ms=10.2
2026-09-21T12:00:48-03:00 INFO request_id=req-normal-00688 method=GET path=/api/search status=200 duration_ms=11.2
2026-09-21T12:01:09-03:00 INFO request_id=req-normal-00689 method=POST path=/api/login status=200 duration_ms=12.2
2026-09-21T12:01:30-03:00 INFO request_id=req-normal-00690 method=GET path=/api/search status=200 duration_ms=13.2
2026-09-21T12:01:51-03:00 INFO request_id=req-normal-00691 method=GET path=/api/categories status=200 duration_ms=14.2
2026-09-21T12:02:12-03:00 INFO request_id=req-normal-00692 method=GET path=/api/documents/12 status=200 duration_ms=15.2
2026-09-21T12:02:33-03:00 INFO request_id=req-normal-00693 method=GET path=/api/search status=200 duration_ms=16.2
2026-09-21T12:02:54-03:00 INFO request_id=req-normal-00694 method=POST path=/api/login status=200 duration_ms=17.2
2026-09-21T12:03:15-03:00 INFO request_id=req-normal-00695 method=GET path=/api/search status=200 duration_ms=18.2
2026-09-21T12:03:36-03:00 INFO request_id=req-normal-00696 method=GET path=/api/categories status=200 duration_ms=19.2
2026-09-21T12:03:57-03:00 INFO request_id=req-normal-00697 method=GET path=/api/documents/12 status=200 duration_ms=3.2
2026-09-21T12:04:18-03:00 INFO request_id=req-normal-00698 method=GET path=/api/search status=200 duration_ms=4.2
2026-09-21T12:04:39-03:00 INFO request_id=req-normal-00699 method=POST path=/api/login status=200 duration_ms=5.2
2026-09-21T12:05:00-03:00 INFO request_id=req-normal-00700 method=GET path=/api/search status=200 duration_ms=6.2
2026-09-21T12:05:21-03:00 INFO request_id=req-normal-00701 method=GET path=/api/categories status=200 duration_ms=7.2
2026-09-21T12:05:42-03:00 INFO request_id=req-normal-00702 method=GET path=/api/documents/12 status=200 duration_ms=8.2
2026-09-21T12:06:03-03:00 INFO request_id=req-normal-00703 method=GET path=/api/search status=200 duration_ms=9.2
2026-09-21T12:06:24-03:00 INFO request_id=req-normal-00704 method=POST path=/api/login status=200 duration_ms=10.2
2026-09-21T12:06:45-03:00 INFO request_id=req-normal-00705 method=GET path=/api/search status=200 duration_ms=11.2
2026-09-21T12:07:06-03:00 INFO request_id=req-normal-00706 method=GET path=/api/categories status=200 duration_ms=12.2
2026-09-21T12:07:27-03:00 INFO request_id=req-normal-00707 method=GET path=/api/documents/12 status=200 duration_ms=13.2
2026-09-21T12:07:48-03:00 INFO request_id=req-normal-00708 method=GET path=/api/search status=200 duration_ms=14.2
2026-09-21T12:08:09-03:00 INFO request_id=req-normal-00709 method=POST path=/api/login status=200 duration_ms=15.2
2026-09-21T12:08:30-03:00 INFO request_id=req-normal-00710 method=GET path=/api/search status=200 duration_ms=16.2
2026-09-21T12:08:51-03:00 INFO request_id=req-normal-00711 method=GET path=/api/categories status=200 duration_ms=17.2
2026-09-21T12:09:12-03:00 INFO request_id=req-normal-00712 method=GET path=/api/documents/12 status=200 duration_ms=18.2
2026-09-21T12:09:33-03:00 INFO request_id=req-normal-00713 method=GET path=/api/search status=200 duration_ms=19.2
2026-09-21T12:09:54-03:00 INFO request_id=req-normal-00714 method=POST path=/api/login status=200 duration_ms=3.2
2026-09-21T12:10:15-03:00 INFO request_id=req-normal-00715 method=GET path=/api/search status=200 duration_ms=4.2
2026-09-21T12:10:36-03:00 INFO request_id=req-normal-00716 method=GET path=/api/categories status=200 duration_ms=5.2
2026-09-21T12:10:57-03:00 INFO request_id=req-normal-00717 method=GET path=/api/documents/12 status=200 duration_ms=6.2
2026-09-21T12:11:18-03:00 INFO request_id=req-normal-00718 method=GET path=/api/search status=200 duration_ms=7.2
2026-09-21T12:11:39-03:00 INFO request_id=req-normal-00719 method=POST path=/api/login status=200 duration_ms=8.2
2026-09-21T12:12:00-03:00 INFO request_id=req-normal-00720 method=GET path=/api/search status=200 duration_ms=9.2
2026-09-21T12:12:21-03:00 INFO request_id=req-normal-00721 method=GET path=/api/categories status=200 duration_ms=10.2
2026-09-21T12:12:42-03:00 INFO request_id=req-normal-00722 method=GET path=/api/documents/12 status=200 duration_ms=11.2
2026-09-21T12:13:03-03:00 INFO request_id=req-normal-00723 method=GET path=/api/search status=200 duration_ms=12.2
2026-09-21T12:13:24-03:00 INFO request_id=req-normal-00724 method=POST path=/api/login status=200 duration_ms=13.2
2026-09-21T12:13:45-03:00 INFO request_id=req-normal-00725 method=GET path=/api/search status=200 duration_ms=14.2
2026-09-21T12:14:06-03:00 INFO request_id=req-normal-00726 method=GET path=/api/categories status=200 duration_ms=15.2
2026-09-21T12:14:27-03:00 INFO request_id=req-normal-00727 method=GET path=/api/documents/12 status=200 duration_ms=16.2
2026-09-21T12:14:48-03:00 INFO request_id=req-normal-00728 method=GET path=/api/search status=200 duration_ms=17.2
2026-09-21T12:15:09-03:00 INFO request_id=req-normal-00729 method=POST path=/api/login status=200 duration_ms=18.2
2026-09-21T12:15:30-03:00 INFO request_id=req-normal-00730 method=GET path=/api/search status=200 duration_ms=19.2
2026-09-21T12:15:51-03:00 INFO request_id=req-normal-00731 method=GET path=/api/categories status=200 duration_ms=3.2
2026-09-21T12:16:12-03:00 INFO request_id=req-normal-00732 method=GET path=/api/documents/12 status=200 duration_ms=4.2
2026-09-21T12:16:33-03:00 INFO request_id=req-normal-00733 method=GET path=/api/search status=200 duration_ms=5.2
2026-09-21T12:16:54-03:00 INFO request_id=req-normal-00734 method=POST path=/api/login status=200 duration_ms=6.2
2026-09-21T12:17:15-03:00 INFO request_id=req-normal-00735 method=GET path=/api/search status=200 duration_ms=7.2
2026-09-21T12:17:36-03:00 INFO request_id=req-normal-00736 method=GET path=/api/categories status=200 duration_ms=8.2
2026-09-21T12:17:57-03:00 INFO request_id=req-normal-00737 method=GET path=/api/documents/12 status=200 duration_ms=9.2
2026-09-21T12:18:18-03:00 INFO request_id=req-normal-00738 method=GET path=/api/search status=200 duration_ms=10.2
2026-09-21T12:18:39-03:00 INFO request_id=req-normal-00739 method=POST path=/api/login status=200 duration_ms=11.2
2026-09-21T12:19:00-03:00 INFO request_id=req-normal-00740 method=GET path=/api/search status=200 duration_ms=12.2
2026-09-21T12:19:21-03:00 INFO request_id=req-normal-00741 method=GET path=/api/categories status=200 duration_ms=13.2
2026-09-21T12:19:42-03:00 INFO request_id=req-normal-00742 method=GET path=/api/documents/12 status=200 duration_ms=14.2
2026-09-21T12:20:03-03:00 INFO request_id=req-normal-00743 method=GET path=/api/search status=200 duration_ms=15.2
2026-09-21T12:20:24-03:00 INFO request_id=req-normal-00744 method=POST path=/api/login status=200 duration_ms=16.2
2026-09-21T12:20:45-03:00 INFO request_id=req-normal-00745 method=GET path=/api/search status=200 duration_ms=17.2
2026-09-21T12:21:06-03:00 INFO request_id=req-normal-00746 method=GET path=/api/categories status=200 duration_ms=18.2
2026-09-21T12:21:27-03:00 INFO request_id=req-normal-00747 method=GET path=/api/documents/12 status=200 duration_ms=19.2
2026-09-21T12:21:48-03:00 INFO request_id=req-normal-00748 method=GET path=/api/search status=200 duration_ms=3.2
2026-09-21T12:22:09-03:00 INFO request_id=req-normal-00749 method=POST path=/api/login status=200 duration_ms=4.2
2026-09-21T12:22:30-03:00 INFO request_id=req-normal-00750 method=GET path=/api/search status=200 duration_ms=5.2
2026-09-21T12:22:51-03:00 INFO request_id=req-normal-00751 method=GET path=/api/categories status=200 duration_ms=6.2
2026-09-21T12:23:12-03:00 INFO request_id=req-normal-00752 method=GET path=/api/documents/12 status=200 duration_ms=7.2
2026-09-21T12:23:33-03:00 INFO request_id=req-normal-00753 method=GET path=/api/search status=200 duration_ms=8.2
2026-09-21T12:23:54-03:00 INFO request_id=req-normal-00754 method=POST path=/api/login status=200 duration_ms=9.2
2026-09-21T12:24:15-03:00 INFO request_id=req-normal-00755 method=GET path=/api/search status=200 duration_ms=10.2
2026-09-21T12:24:36-03:00 INFO request_id=req-normal-00756 method=GET path=/api/categories status=200 duration_ms=11.2
2026-09-21T12:24:57-03:00 INFO request_id=req-normal-00757 method=GET path=/api/documents/12 status=200 duration_ms=12.2
2026-09-21T12:25:18-03:00 INFO request_id=req-normal-00758 method=GET path=/api/search status=200 duration_ms=13.2
2026-09-21T12:25:39-03:00 INFO request_id=req-normal-00759 method=POST path=/api/login status=200 duration_ms=14.2
2026-09-21T12:26:00-03:00 INFO request_id=req-normal-00760 method=GET path=/api/search status=200 duration_ms=15.2
2026-09-21T12:26:21-03:00 INFO request_id=req-normal-00761 method=GET path=/api/categories status=200 duration_ms=16.2
2026-09-21T12:26:42-03:00 INFO request_id=req-normal-00762 method=GET path=/api/documents/12 status=200 duration_ms=17.2
2026-09-21T12:27:03-03:00 INFO request_id=req-normal-00763 method=GET path=/api/search status=200 duration_ms=18.2
2026-09-21T12:27:24-03:00 INFO request_id=req-normal-00764 method=POST path=/api/login status=200 duration_ms=19.2
2026-09-21T12:27:45-03:00 INFO request_id=req-normal-00765 method=GET path=/api/search status=200 duration_ms=3.2
2026-09-21T12:28:06-03:00 INFO request_id=req-normal-00766 method=GET path=/api/categories status=200 duration_ms=4.2
2026-09-21T12:28:27-03:00 INFO request_id=req-normal-00767 method=GET path=/api/documents/12 status=200 duration_ms=5.2
2026-09-21T12:28:48-03:00 INFO request_id=req-normal-00768 method=GET path=/api/search status=200 duration_ms=6.2
2026-09-21T12:29:09-03:00 INFO request_id=req-normal-00769 method=POST path=/api/login status=200 duration_ms=7.2
2026-09-21T12:29:30-03:00 INFO request_id=req-normal-00770 method=GET path=/api/search status=200 duration_ms=8.2
2026-09-21T12:29:51-03:00 INFO request_id=req-normal-00771 method=GET path=/api/categories status=200 duration_ms=9.2
2026-09-21T12:30:12-03:00 INFO request_id=req-normal-00772 method=GET path=/api/documents/12 status=200 duration_ms=10.2
2026-09-21T12:30:33-03:00 INFO request_id=req-normal-00773 method=GET path=/api/search status=200 duration_ms=11.2
2026-09-21T12:30:54-03:00 INFO request_id=req-normal-00774 method=POST path=/api/login status=200 duration_ms=12.2
2026-09-21T12:31:15-03:00 INFO request_id=req-normal-00775 method=GET path=/api/search status=200 duration_ms=13.2
2026-09-21T12:31:36-03:00 INFO request_id=req-normal-00776 method=GET path=/api/categories status=200 duration_ms=14.2
2026-09-21T12:31:57-03:00 INFO request_id=req-normal-00777 method=GET path=/api/documents/12 status=200 duration_ms=15.2
2026-09-21T12:32:18-03:00 INFO request_id=req-normal-00778 method=GET path=/api/search status=200 duration_ms=16.2
2026-09-21T12:32:39-03:00 INFO request_id=req-normal-00779 method=POST path=/api/login status=200 duration_ms=17.2
2026-09-21T12:33:00-03:00 INFO request_id=req-normal-00780 method=GET path=/api/search status=200 duration_ms=18.2
2026-09-21T12:33:21-03:00 INFO request_id=req-normal-00781 method=GET path=/api/categories status=200 duration_ms=19.2
2026-09-21T12:33:42-03:00 INFO request_id=req-normal-00782 method=GET path=/api/documents/12 status=200 duration_ms=3.2
2026-09-21T12:34:03-03:00 INFO request_id=req-normal-00783 method=GET path=/api/search status=200 duration_ms=4.2
2026-09-21T12:34:24-03:00 INFO request_id=req-normal-00784 method=POST path=/api/login status=200 duration_ms=5.2
2026-09-21T12:34:45-03:00 INFO request_id=req-normal-00785 method=GET path=/api/search status=200 duration_ms=6.2
2026-09-21T12:35:06-03:00 INFO request_id=req-normal-00786 method=GET path=/api/categories status=200 duration_ms=7.2
2026-09-21T12:35:27-03:00 INFO request_id=req-normal-00787 method=GET path=/api/documents/12 status=200 duration_ms=8.2
2026-09-21T12:35:48-03:00 INFO request_id=req-normal-00788 method=GET path=/api/search status=200 duration_ms=9.2
2026-09-21T12:36:09-03:00 INFO request_id=req-normal-00789 method=POST path=/api/login status=200 duration_ms=10.2
2026-09-21T12:36:30-03:00 INFO request_id=req-normal-00790 method=GET path=/api/search status=200 duration_ms=11.2
2026-09-21T12:36:51-03:00 INFO request_id=req-normal-00791 method=GET path=/api/categories status=200 duration_ms=12.2
2026-09-21T12:37:12-03:00 INFO request_id=req-normal-00792 method=GET path=/api/documents/12 status=200 duration_ms=13.2
2026-09-21T12:37:33-03:00 INFO request_id=req-normal-00793 method=GET path=/api/search status=200 duration_ms=14.2
2026-09-21T12:37:54-03:00 INFO request_id=req-normal-00794 method=POST path=/api/login status=200 duration_ms=15.2
2026-09-21T12:38:15-03:00 INFO request_id=req-normal-00795 method=GET path=/api/search status=200 duration_ms=16.2
2026-09-21T12:38:36-03:00 INFO request_id=req-normal-00796 method=GET path=/api/categories status=200 duration_ms=17.2
2026-09-21T12:38:57-03:00 INFO request_id=req-normal-00797 method=GET path=/api/documents/12 status=200 duration_ms=18.2
2026-09-21T12:39:18-03:00 INFO request_id=req-normal-00798 method=GET path=/api/search status=200 duration_ms=19.2
2026-09-21T12:39:39-03:00 INFO request_id=req-normal-00799 method=POST path=/api/login status=200 duration_ms=3.2
2026-09-21T12:40:00-03:00 INFO request_id=req-normal-00800 method=GET path=/api/search status=200 duration_ms=4.2
2026-09-21T12:40:21-03:00 INFO request_id=req-normal-00801 method=GET path=/api/categories status=200 duration_ms=5.2
2026-09-21T12:40:42-03:00 INFO request_id=req-normal-00802 method=GET path=/api/documents/12 status=200 duration_ms=6.2
2026-09-21T12:41:03-03:00 INFO request_id=req-normal-00803 method=GET path=/api/search status=200 duration_ms=7.2
2026-09-21T12:41:24-03:00 INFO request_id=req-normal-00804 method=POST path=/api/login status=200 duration_ms=8.2
2026-09-21T12:41:45-03:00 INFO request_id=req-normal-00805 method=GET path=/api/search status=200 duration_ms=9.2
2026-09-21T12:42:06-03:00 INFO request_id=req-normal-00806 method=GET path=/api/categories status=200 duration_ms=10.2
2026-09-21T12:42:27-03:00 INFO request_id=req-normal-00807 method=GET path=/api/documents/12 status=200 duration_ms=11.2
2026-09-21T12:42:48-03:00 INFO request_id=req-normal-00808 method=GET path=/api/search status=200 duration_ms=12.2
2026-09-21T12:43:09-03:00 INFO request_id=req-normal-00809 method=POST path=/api/login status=200 duration_ms=13.2
2026-09-21T12:43:30-03:00 INFO request_id=req-normal-00810 method=GET path=/api/search status=200 duration_ms=14.2
2026-09-21T12:43:51-03:00 INFO request_id=req-normal-00811 method=GET path=/api/categories status=200 duration_ms=15.2
2026-09-21T12:44:12-03:00 INFO request_id=req-normal-00812 method=GET path=/api/documents/12 status=200 duration_ms=16.2
2026-09-21T12:44:33-03:00 INFO request_id=req-normal-00813 method=GET path=/api/search status=200 duration_ms=17.2
2026-09-21T12:44:54-03:00 INFO request_id=req-normal-00814 method=POST path=/api/login status=200 duration_ms=18.2
2026-09-21T12:45:15-03:00 INFO request_id=req-normal-00815 method=GET path=/api/search status=200 duration_ms=19.2
2026-09-21T12:45:36-03:00 INFO request_id=req-normal-00816 method=GET path=/api/categories status=200 duration_ms=3.2
2026-09-21T12:45:57-03:00 INFO request_id=req-normal-00817 method=GET path=/api/documents/12 status=200 duration_ms=4.2
2026-09-21T12:46:18-03:00 INFO request_id=req-normal-00818 method=GET path=/api/search status=200 duration_ms=5.2
2026-09-21T12:46:39-03:00 INFO request_id=req-normal-00819 method=POST path=/api/login status=200 duration_ms=6.2
2026-09-21T12:47:00-03:00 INFO request_id=req-normal-00820 method=GET path=/api/search status=200 duration_ms=7.2
2026-09-21T12:47:21-03:00 INFO request_id=req-normal-00821 method=GET path=/api/categories status=200 duration_ms=8.2
2026-09-21T12:47:42-03:00 INFO request_id=req-normal-00822 method=GET path=/api/documents/12 status=200 duration_ms=9.2
2026-09-21T12:48:03-03:00 INFO request_id=req-normal-00823 method=GET path=/api/search status=200 duration_ms=10.2
2026-09-21T12:48:24-03:00 INFO request_id=req-normal-00824 method=POST path=/api/login status=200 duration_ms=11.2
2026-09-21T12:48:45-03:00 INFO request_id=req-normal-00825 method=GET path=/api/search status=200 duration_ms=12.2
2026-09-21T12:49:06-03:00 INFO request_id=req-normal-00826 method=GET path=/api/categories status=200 duration_ms=13.2
2026-09-21T12:49:27-03:00 INFO request_id=req-normal-00827 method=GET path=/api/documents/12 status=200 duration_ms=14.2
2026-09-21T12:49:48-03:00 INFO request_id=req-normal-00828 method=GET path=/api/search status=200 duration_ms=15.2
2026-09-21T12:50:09-03:00 INFO request_id=req-normal-00829 method=POST path=/api/login status=200 duration_ms=16.2
2026-09-21T12:50:30-03:00 INFO request_id=req-normal-00830 method=GET path=/api/search status=200 duration_ms=17.2
2026-09-21T12:50:51-03:00 INFO request_id=req-normal-00831 method=GET path=/api/categories status=200 duration_ms=18.2
2026-09-21T12:51:12-03:00 INFO request_id=req-normal-00832 method=GET path=/api/documents/12 status=200 duration_ms=19.2
2026-09-21T12:51:33-03:00 INFO request_id=req-normal-00833 method=GET path=/api/search status=200 duration_ms=3.2
2026-09-21T12:51:54-03:00 INFO request_id=req-normal-00834 method=POST path=/api/login status=200 duration_ms=4.2
2026-09-21T12:52:15-03:00 INFO request_id=req-normal-00835 method=GET path=/api/search status=200 duration_ms=5.2
2026-09-21T12:52:36-03:00 INFO request_id=req-normal-00836 method=GET path=/api/categories status=200 duration_ms=6.2
2026-09-21T12:52:57-03:00 INFO request_id=req-normal-00837 method=GET path=/api/documents/12 status=200 duration_ms=7.2
2026-09-21T12:53:18-03:00 INFO request_id=req-normal-00838 method=GET path=/api/search status=200 duration_ms=8.2
2026-09-21T12:53:39-03:00 INFO request_id=req-normal-00839 method=POST path=/api/login status=200 duration_ms=9.2
2026-09-21T12:54:00-03:00 INFO request_id=req-normal-00840 method=GET path=/api/search status=200 duration_ms=10.2
2026-09-21T12:54:21-03:00 INFO request_id=req-normal-00841 method=GET path=/api/categories status=200 duration_ms=11.2
2026-09-21T12:54:42-03:00 INFO request_id=req-normal-00842 method=GET path=/api/documents/12 status=200 duration_ms=12.2
2026-09-21T12:55:03-03:00 INFO request_id=req-normal-00843 method=GET path=/api/search status=200 duration_ms=13.2
2026-09-21T12:55:24-03:00 INFO request_id=req-normal-00844 method=POST path=/api/login status=200 duration_ms=14.2
2026-09-21T12:55:45-03:00 INFO request_id=req-normal-00845 method=GET path=/api/search status=200 duration_ms=15.2
2026-09-21T12:56:06-03:00 INFO request_id=req-normal-00846 method=GET path=/api/categories status=200 duration_ms=16.2
2026-09-21T12:56:27-03:00 INFO request_id=req-normal-00847 method=GET path=/api/documents/12 status=200 duration_ms=17.2
2026-09-21T12:56:48-03:00 INFO request_id=req-normal-00848 method=GET path=/api/search status=200 duration_ms=18.2
2026-09-21T12:57:09-03:00 INFO request_id=req-normal-00849 method=POST path=/api/login status=200 duration_ms=19.2
2026-09-21T12:57:30-03:00 INFO request_id=req-normal-00850 method=GET path=/api/search status=200 duration_ms=3.2
2026-09-21T12:57:51-03:00 INFO request_id=req-normal-00851 method=GET path=/api/categories status=200 duration_ms=4.2
2026-09-21T12:58:12-03:00 INFO request_id=req-normal-00852 method=GET path=/api/documents/12 status=200 duration_ms=5.2
2026-09-21T12:58:33-03:00 INFO request_id=req-normal-00853 method=GET path=/api/search status=200 duration_ms=6.2
2026-09-21T12:58:54-03:00 INFO request_id=req-normal-00854 method=POST path=/api/login status=200 duration_ms=7.2
2026-09-21T12:59:15-03:00 INFO request_id=req-normal-00855 method=GET path=/api/search status=200 duration_ms=8.2
2026-09-21T12:59:36-03:00 INFO request_id=req-normal-00856 method=GET path=/api/categories status=200 duration_ms=9.2
2026-09-21T12:59:57-03:00 INFO request_id=req-normal-00857 method=GET path=/api/documents/12 status=200 duration_ms=10.2
2026-09-21T13:00:18-03:00 INFO request_id=req-normal-00858 method=GET path=/api/search status=200 duration_ms=11.2
2026-09-21T13:00:39-03:00 INFO request_id=req-normal-00859 method=POST path=/api/login status=200 duration_ms=12.2
2026-09-21T13:01:00-03:00 INFO request_id=req-normal-00860 method=GET path=/api/search status=200 duration_ms=13.2
2026-09-21T13:01:21-03:00 INFO request_id=req-normal-00861 method=GET path=/api/categories status=200 duration_ms=14.2
2026-09-21T13:01:42-03:00 INFO request_id=req-normal-00862 method=GET path=/api/documents/12 status=200 duration_ms=15.2
2026-09-21T13:02:03-03:00 INFO request_id=req-normal-00863 method=GET path=/api/search status=200 duration_ms=16.2
2026-09-21T13:02:24-03:00 INFO request_id=req-normal-00864 method=POST path=/api/login status=200 duration_ms=17.2
2026-09-21T13:02:45-03:00 INFO request_id=req-normal-00865 method=GET path=/api/search status=200 duration_ms=18.2
2026-09-21T13:03:06-03:00 INFO request_id=req-normal-00866 method=GET path=/api/categories status=200 duration_ms=19.2
2026-09-21T13:03:27-03:00 INFO request_id=req-normal-00867 method=GET path=/api/documents/12 status=200 duration_ms=3.2
2026-09-21T13:03:48-03:00 INFO request_id=req-normal-00868 method=GET path=/api/search status=200 duration_ms=4.2
2026-09-21T13:04:09-03:00 INFO request_id=req-normal-00869 method=POST path=/api/login status=200 duration_ms=5.2
2026-09-21T13:04:30-03:00 INFO request_id=req-normal-00870 method=GET path=/api/search status=200 duration_ms=6.2
2026-09-21T13:04:51-03:00 INFO request_id=req-normal-00871 method=GET path=/api/categories status=200 duration_ms=7.2
2026-09-21T13:05:12-03:00 INFO request_id=req-normal-00872 method=GET path=/api/documents/12 status=200 duration_ms=8.2
2026-09-21T13:05:33-03:00 INFO request_id=req-normal-00873 method=GET path=/api/search status=200 duration_ms=9.2
2026-09-21T13:05:54-03:00 INFO request_id=req-normal-00874 method=POST path=/api/login status=200 duration_ms=10.2
2026-09-21T13:06:15-03:00 INFO request_id=req-normal-00875 method=GET path=/api/search status=200 duration_ms=11.2
2026-09-21T13:06:36-03:00 INFO request_id=req-normal-00876 method=GET path=/api/categories status=200 duration_ms=12.2
2026-09-21T13:06:57-03:00 INFO request_id=req-normal-00877 method=GET path=/api/documents/12 status=200 duration_ms=13.2
2026-09-21T13:07:18-03:00 INFO request_id=req-normal-00878 method=GET path=/api/search status=200 duration_ms=14.2
2026-09-21T13:07:39-03:00 INFO request_id=req-normal-00879 method=POST path=/api/login status=200 duration_ms=15.2
2026-09-21T13:08:00-03:00 INFO request_id=req-normal-00880 method=GET path=/api/search status=200 duration_ms=16.2
2026-09-21T13:08:21-03:00 INFO request_id=req-normal-00881 method=GET path=/api/categories status=200 duration_ms=17.2
2026-09-21T13:08:42-03:00 INFO request_id=req-normal-00882 method=GET path=/api/documents/12 status=200 duration_ms=18.2
2026-09-21T13:09:03-03:00 INFO request_id=req-normal-00883 method=GET path=/api/search status=200 duration_ms=19.2
2026-09-21T13:09:24-03:00 INFO request_id=req-normal-00884 method=POST path=/api/login status=200 duration_ms=3.2
2026-09-21T13:09:45-03:00 INFO request_id=req-normal-00885 method=GET path=/api/search status=200 duration_ms=4.2
2026-09-21T13:10:06-03:00 INFO request_id=req-normal-00886 method=GET path=/api/categories status=200 duration_ms=5.2
2026-09-21T13:10:27-03:00 INFO request_id=req-normal-00887 method=GET path=/api/documents/12 status=200 duration_ms=6.2
2026-09-21T13:10:48-03:00 INFO request_id=req-normal-00888 method=GET path=/api/search status=200 duration_ms=7.2
2026-09-21T13:11:09-03:00 INFO request_id=req-normal-00889 method=POST path=/api/login status=200 duration_ms=8.2
2026-09-21T13:11:30-03:00 INFO request_id=req-normal-00890 method=GET path=/api/search status=200 duration_ms=9.2
2026-09-21T13:11:51-03:00 INFO request_id=req-normal-00891 method=GET path=/api/categories status=200 duration_ms=10.2
2026-09-21T13:12:12-03:00 INFO request_id=req-normal-00892 method=GET path=/api/documents/12 status=200 duration_ms=11.2
2026-09-21T13:12:33-03:00 INFO request_id=req-normal-00893 method=GET path=/api/search status=200 duration_ms=12.2
2026-09-21T13:12:54-03:00 INFO request_id=req-normal-00894 method=POST path=/api/login status=200 duration_ms=13.2
2026-09-21T13:13:15-03:00 INFO request_id=req-normal-00895 method=GET path=/api/search status=200 duration_ms=14.2
2026-09-21T13:13:36-03:00 INFO request_id=req-normal-00896 method=GET path=/api/categories status=200 duration_ms=15.2
2026-09-21T13:13:57-03:00 INFO request_id=req-normal-00897 method=GET path=/api/documents/12 status=200 duration_ms=16.2
2026-09-21T13:14:18-03:00 INFO request_id=req-normal-00898 method=GET path=/api/search status=200 duration_ms=17.2
2026-09-21T13:14:39-03:00 INFO request_id=req-normal-00899 method=POST path=/api/login status=200 duration_ms=18.2
2026-09-21T13:15:00-03:00 INFO request_id=req-normal-00900 method=GET path=/api/search status=200 duration_ms=19.2
2026-09-21T13:15:21-03:00 INFO request_id=req-normal-00901 method=GET path=/api/categories status=200 duration_ms=3.2
2026-09-21T13:15:42-03:00 INFO request_id=req-normal-00902 method=GET path=/api/documents/12 status=200 duration_ms=4.2
2026-09-21T13:16:03-03:00 INFO request_id=req-normal-00903 method=GET path=/api/search status=200 duration_ms=5.2
2026-09-21T13:16:24-03:00 INFO request_id=req-normal-00904 method=POST path=/api/login status=200 duration_ms=6.2
2026-09-21T13:16:45-03:00 INFO request_id=req-normal-00905 method=GET path=/api/search status=200 duration_ms=7.2
2026-09-21T13:17:06-03:00 INFO request_id=req-normal-00906 method=GET path=/api/categories status=200 duration_ms=8.2
2026-09-21T13:17:27-03:00 INFO request_id=req-normal-00907 method=GET path=/api/documents/12 status=200 duration_ms=9.2
2026-09-21T13:17:48-03:00 INFO request_id=req-normal-00908 method=GET path=/api/search status=200 duration_ms=10.2
2026-09-21T13:18:09-03:00 INFO request_id=req-normal-00909 method=POST path=/api/login status=200 duration_ms=11.2
2026-09-21T13:18:30-03:00 INFO request_id=req-normal-00910 method=GET path=/api/search status=200 duration_ms=12.2
2026-09-21T13:18:51-03:00 INFO request_id=req-normal-00911 method=GET path=/api/categories status=200 duration_ms=13.2
2026-09-21T13:19:12-03:00 INFO request_id=req-normal-00912 method=GET path=/api/documents/12 status=200 duration_ms=14.2
2026-09-21T13:19:33-03:00 INFO request_id=req-normal-00913 method=GET path=/api/search status=200 duration_ms=15.2
2026-09-21T13:19:54-03:00 INFO request_id=req-normal-00914 method=POST path=/api/login status=200 duration_ms=16.2
2026-09-21T13:20:15-03:00 INFO request_id=req-normal-00915 method=GET path=/api/search status=200 duration_ms=17.2
2026-09-21T13:20:36-03:00 INFO request_id=req-normal-00916 method=GET path=/api/categories status=200 duration_ms=18.2
2026-09-21T13:20:57-03:00 INFO request_id=req-normal-00917 method=GET path=/api/documents/12 status=200 duration_ms=19.2
2026-09-21T13:21:18-03:00 INFO request_id=req-normal-00918 method=GET path=/api/search status=200 duration_ms=3.2
2026-09-21T13:21:39-03:00 INFO request_id=req-normal-00919 method=POST path=/api/login status=200 duration_ms=4.2
2026-09-21T13:22:00-03:00 INFO request_id=req-normal-00920 method=GET path=/api/search status=200 duration_ms=5.2
2026-09-21T13:22:21-03:00 INFO request_id=req-normal-00921 method=GET path=/api/categories status=200 duration_ms=6.2
2026-09-21T13:22:42-03:00 INFO request_id=req-normal-00922 method=GET path=/api/documents/12 status=200 duration_ms=7.2
2026-09-21T13:23:03-03:00 INFO request_id=req-normal-00923 method=GET path=/api/search status=200 duration_ms=8.2
2026-09-21T13:23:24-03:00 INFO request_id=req-normal-00924 method=POST path=/api/login status=200 duration_ms=9.2
2026-09-21T13:23:45-03:00 INFO request_id=req-normal-00925 method=GET path=/api/search status=200 duration_ms=10.2
2026-09-21T13:24:06-03:00 INFO request_id=req-normal-00926 method=GET path=/api/categories status=200 duration_ms=11.2
2026-09-21T13:24:27-03:00 INFO request_id=req-normal-00927 method=GET path=/api/documents/12 status=200 duration_ms=12.2
2026-09-21T13:24:48-03:00 INFO request_id=req-normal-00928 method=GET path=/api/search status=200 duration_ms=13.2
2026-09-21T13:25:09-03:00 INFO request_id=req-normal-00929 method=POST path=/api/login status=200 duration_ms=14.2
2026-09-21T13:25:30-03:00 INFO request_id=req-normal-00930 method=GET path=/api/search status=200 duration_ms=15.2
2026-09-21T13:25:51-03:00 INFO request_id=req-normal-00931 method=GET path=/api/categories status=200 duration_ms=16.2
2026-09-21T13:26:12-03:00 INFO request_id=req-normal-00932 method=GET path=/api/documents/12 status=200 duration_ms=17.2
2026-09-21T13:26:33-03:00 INFO request_id=req-normal-00933 method=GET path=/api/search status=200 duration_ms=18.2
2026-09-21T13:26:54-03:00 INFO request_id=req-normal-00934 method=POST path=/api/login status=200 duration_ms=19.2
2026-09-21T13:27:15-03:00 INFO request_id=req-normal-00935 method=GET path=/api/search status=200 duration_ms=3.2
2026-09-21T13:27:36-03:00 INFO request_id=req-normal-00936 method=GET path=/api/categories status=200 duration_ms=4.2
2026-09-21T13:27:57-03:00 INFO request_id=req-normal-00937 method=GET path=/api/documents/12 status=200 duration_ms=5.2
2026-09-21T13:28:18-03:00 INFO request_id=req-normal-00938 method=GET path=/api/search status=200 duration_ms=6.2
2026-09-21T13:28:39-03:00 INFO request_id=req-normal-00939 method=POST path=/api/login status=200 duration_ms=7.2
2026-09-21T13:29:00-03:00 INFO request_id=req-normal-00940 method=GET path=/api/search status=200 duration_ms=8.2
2026-09-21T13:29:21-03:00 INFO request_id=req-normal-00941 method=GET path=/api/categories status=200 duration_ms=9.2
2026-09-21T13:29:42-03:00 INFO request_id=req-normal-00942 method=GET path=/api/documents/12 status=200 duration_ms=10.2
2026-09-21T13:30:03-03:00 INFO request_id=req-normal-00943 method=GET path=/api/search status=200 duration_ms=11.2
2026-09-21T13:30:24-03:00 INFO request_id=req-normal-00944 method=POST path=/api/login status=200 duration_ms=12.2
2026-09-21T13:30:45-03:00 INFO request_id=req-normal-00945 method=GET path=/api/search status=200 duration_ms=13.2
2026-09-21T13:31:06-03:00 INFO request_id=req-normal-00946 method=GET path=/api/categories status=200 duration_ms=14.2
2026-09-21T13:31:27-03:00 INFO request_id=req-normal-00947 method=GET path=/api/documents/12 status=200 duration_ms=15.2
2026-09-21T13:31:48-03:00 INFO request_id=req-normal-00948 method=GET path=/api/search status=200 duration_ms=16.2
2026-09-21T13:32:09-03:00 INFO request_id=req-normal-00949 method=POST path=/api/login status=200 duration_ms=17.2
2026-09-21T13:32:30-03:00 INFO request_id=req-normal-00950 method=GET path=/api/search status=200 duration_ms=18.2
2026-09-21T13:32:51-03:00 INFO request_id=req-normal-00951 method=GET path=/api/categories status=200 duration_ms=19.2
2026-09-21T13:33:12-03:00 INFO request_id=req-normal-00952 method=GET path=/api/documents/12 status=200 duration_ms=3.2
2026-09-21T13:33:33-03:00 INFO request_id=req-normal-00953 method=GET path=/api/search status=200 duration_ms=4.2
2026-09-21T13:33:54-03:00 INFO request_id=req-normal-00954 method=POST path=/api/login status=200 duration_ms=5.2
2026-09-21T13:34:15-03:00 INFO request_id=req-normal-00955 method=GET path=/api/search status=200 duration_ms=6.2
2026-09-21T13:34:36-03:00 INFO request_id=req-normal-00956 method=GET path=/api/categories status=200 duration_ms=7.2
2026-09-21T13:34:57-03:00 INFO request_id=req-normal-00957 method=GET path=/api/documents/12 status=200 duration_ms=8.2
2026-09-21T13:35:18-03:00 INFO request_id=req-normal-00958 method=GET path=/api/search status=200 duration_ms=9.2
2026-09-21T13:35:39-03:00 INFO request_id=req-normal-00959 method=POST path=/api/login status=200 duration_ms=10.2
2026-09-21T13:36:00-03:00 INFO request_id=req-normal-00960 method=GET path=/api/search status=200 duration_ms=11.2
2026-09-21T13:36:21-03:00 INFO request_id=req-normal-00961 method=GET path=/api/categories status=200 duration_ms=12.2
2026-09-21T13:36:42-03:00 INFO request_id=req-normal-00962 method=GET path=/api/documents/12 status=200 duration_ms=13.2
2026-09-21T13:37:03-03:00 INFO request_id=req-normal-00963 method=GET path=/api/search status=200 duration_ms=14.2
2026-09-21T13:37:24-03:00 INFO request_id=req-normal-00964 method=POST path=/api/login status=200 duration_ms=15.2
2026-09-21T13:37:45-03:00 INFO request_id=req-normal-00965 method=GET path=/api/search status=200 duration_ms=16.2
2026-09-21T13:38:06-03:00 INFO request_id=req-normal-00966 method=GET path=/api/categories status=200 duration_ms=17.2
2026-09-21T13:38:27-03:00 INFO request_id=req-normal-00967 method=GET path=/api/documents/12 status=200 duration_ms=18.2
2026-09-21T13:38:48-03:00 INFO request_id=req-normal-00968 method=GET path=/api/search status=200 duration_ms=19.2
2026-09-21T13:39:09-03:00 INFO request_id=req-normal-00969 method=POST path=/api/login status=200 duration_ms=3.2
2026-09-21T13:39:30-03:00 INFO request_id=req-normal-00970 method=GET path=/api/search status=200 duration_ms=4.2
2026-09-21T13:39:51-03:00 INFO request_id=req-normal-00971 method=GET path=/api/categories status=200 duration_ms=5.2
2026-09-21T13:40:12-03:00 INFO request_id=req-normal-00972 method=GET path=/api/documents/12 status=200 duration_ms=6.2
2026-09-21T13:40:33-03:00 INFO request_id=req-normal-00973 method=GET path=/api/search status=200 duration_ms=7.2
2026-09-21T13:40:54-03:00 INFO request_id=req-normal-00974 method=POST path=/api/login status=200 duration_ms=8.2
2026-09-21T13:41:15-03:00 INFO request_id=req-normal-00975 method=GET path=/api/search status=200 duration_ms=9.2
2026-09-21T13:41:36-03:00 INFO request_id=req-normal-00976 method=GET path=/api/categories status=200 duration_ms=10.2
2026-09-21T13:41:57-03:00 INFO request_id=req-normal-00977 method=GET path=/api/documents/12 status=200 duration_ms=11.2
2026-09-21T13:42:18-03:00 INFO request_id=req-normal-00978 method=GET path=/api/search status=200 duration_ms=12.2
2026-09-21T13:42:39-03:00 INFO request_id=req-normal-00979 method=POST path=/api/login status=200 duration_ms=13.2
2026-09-21T13:43:00-03:00 INFO request_id=req-normal-00980 method=GET path=/api/search status=200 duration_ms=14.2
2026-09-21T13:43:21-03:00 INFO request_id=req-normal-00981 method=GET path=/api/categories status=200 duration_ms=15.2
2026-09-21T13:43:42-03:00 INFO request_id=req-normal-00982 method=GET path=/api/documents/12 status=200 duration_ms=16.2
2026-09-21T13:44:03-03:00 INFO request_id=req-normal-00983 method=GET path=/api/search status=200 duration_ms=17.2
2026-09-21T13:44:24-03:00 INFO request_id=req-normal-00984 method=POST path=/api/login status=200 duration_ms=18.2
2026-09-21T13:44:45-03:00 INFO request_id=req-normal-00985 method=GET path=/api/search status=200 duration_ms=19.2
2026-09-21T13:45:06-03:00 INFO request_id=req-normal-00986 method=GET path=/api/categories status=200 duration_ms=3.2
2026-09-21T13:45:27-03:00 INFO request_id=req-normal-00987 method=GET path=/api/documents/12 status=200 duration_ms=4.2
2026-09-21T13:45:48-03:00 INFO request_id=req-normal-00988 method=GET path=/api/search status=200 duration_ms=5.2
2026-09-21T13:46:09-03:00 INFO request_id=req-normal-00989 method=POST path=/api/login status=200 duration_ms=6.2
2026-09-21T13:46:30-03:00 INFO request_id=req-normal-00990 method=GET path=/api/search status=200 duration_ms=7.2
2026-09-21T13:46:51-03:00 INFO request_id=req-normal-00991 method=GET path=/api/categories status=200 duration_ms=8.2
2026-09-21T13:47:12-03:00 INFO request_id=req-normal-00992 method=GET path=/api/documents/12 status=200 duration_ms=9.2
2026-09-21T13:47:33-03:00 INFO request_id=req-normal-00993 method=GET path=/api/search status=200 duration_ms=10.2
2026-09-21T13:47:54-03:00 INFO request_id=req-normal-00994 method=POST path=/api/login status=200 duration_ms=11.2
2026-09-21T13:48:15-03:00 INFO request_id=req-normal-00995 method=GET path=/api/search status=200 duration_ms=12.2
2026-09-21T13:48:36-03:00 INFO request_id=req-normal-00996 method=GET path=/api/categories status=200 duration_ms=13.2
2026-09-21T13:48:57-03:00 INFO request_id=req-normal-00997 method=GET path=/api/documents/12 status=200 duration_ms=14.2
2026-09-21T13:49:18-03:00 INFO request_id=req-normal-00998 method=GET path=/api/search status=200 duration_ms=15.2
2026-09-21T13:49:39-03:00 INFO request_id=req-normal-00999 method=POST path=/api/login status=200 duration_ms=16.2
2026-09-21T13:50:00-03:00 INFO request_id=req-normal-01000 method=GET path=/api/search status=200 duration_ms=17.2
2026-09-21T13:50:21-03:00 INFO request_id=req-normal-01001 method=GET path=/api/categories status=200 duration_ms=18.2
2026-09-21T13:50:42-03:00 INFO request_id=req-normal-01002 method=GET path=/api/documents/12 status=200 duration_ms=19.2
2026-09-21T13:51:03-03:00 INFO request_id=req-normal-01003 method=GET path=/api/search status=200 duration_ms=3.2
2026-09-21T13:51:24-03:00 INFO request_id=req-normal-01004 method=POST path=/api/login status=200 duration_ms=4.2
2026-09-21T13:51:45-03:00 INFO request_id=req-normal-01005 method=GET path=/api/search status=200 duration_ms=5.2
2026-09-21T13:52:06-03:00 INFO request_id=req-normal-01006 method=GET path=/api/categories status=200 duration_ms=6.2
2026-09-21T13:52:27-03:00 INFO request_id=req-normal-01007 method=GET path=/api/documents/12 status=200 duration_ms=7.2
2026-09-21T13:52:48-03:00 INFO request_id=req-normal-01008 method=GET path=/api/search status=200 duration_ms=8.2
2026-09-21T13:53:09-03:00 INFO request_id=req-normal-01009 method=POST path=/api/login status=200 duration_ms=9.2
2026-09-21T13:53:30-03:00 INFO request_id=req-normal-01010 method=GET path=/api/search status=200 duration_ms=10.2
2026-09-21T13:53:51-03:00 INFO request_id=req-normal-01011 method=GET path=/api/categories status=200 duration_ms=11.2
2026-09-21T13:54:12-03:00 INFO request_id=req-normal-01012 method=GET path=/api/documents/12 status=200 duration_ms=12.2
2026-09-21T13:54:33-03:00 INFO request_id=req-normal-01013 method=GET path=/api/search status=200 duration_ms=13.2
2026-09-21T13:54:54-03:00 INFO request_id=req-normal-01014 method=POST path=/api/login status=200 duration_ms=14.2
2026-09-21T13:55:15-03:00 INFO request_id=req-normal-01015 method=GET path=/api/search status=200 duration_ms=15.2
2026-09-21T13:55:36-03:00 INFO request_id=req-normal-01016 method=GET path=/api/categories status=200 duration_ms=16.2
2026-09-21T13:55:57-03:00 INFO request_id=req-normal-01017 method=GET path=/api/documents/12 status=200 duration_ms=17.2
2026-09-21T13:56:18-03:00 INFO request_id=req-normal-01018 method=GET path=/api/search status=200 duration_ms=18.2
2026-09-21T13:56:39-03:00 INFO request_id=req-normal-01019 method=POST path=/api/login status=200 duration_ms=19.2
2026-09-21T13:57:00-03:00 INFO request_id=req-normal-01020 method=GET path=/api/search status=200 duration_ms=3.2
2026-09-21T13:57:21-03:00 INFO request_id=req-normal-01021 method=GET path=/api/categories status=200 duration_ms=4.2
2026-09-21T13:57:42-03:00 INFO request_id=req-normal-01022 method=GET path=/api/documents/12 status=200 duration_ms=5.2
2026-09-21T13:58:03-03:00 INFO request_id=req-normal-01023 method=GET path=/api/search status=200 duration_ms=6.2
2026-09-21T13:58:24-03:00 INFO request_id=req-normal-01024 method=POST path=/api/login status=200 duration_ms=7.2
2026-09-21T13:58:45-03:00 INFO request_id=req-normal-01025 method=GET path=/api/search status=200 duration_ms=8.2
2026-09-21T13:59:06-03:00 INFO request_id=req-normal-01026 method=GET path=/api/categories status=200 duration_ms=9.2
2026-09-21T13:59:27-03:00 INFO request_id=req-normal-01027 method=GET path=/api/documents/12 status=200 duration_ms=10.2
2026-09-21T13:59:48-03:00 INFO request_id=req-normal-01028 method=GET path=/api/search status=200 duration_ms=11.2
2026-09-21T14:00:09-03:00 INFO request_id=req-normal-01029 method=POST path=/api/login status=200 duration_ms=12.2
2026-09-21T14:00:30-03:00 INFO request_id=req-normal-01030 method=GET path=/api/search status=200 duration_ms=13.2
2026-09-21T14:00:51-03:00 INFO request_id=req-normal-01031 method=GET path=/api/categories status=200 duration_ms=14.2
2026-09-21T14:01:12-03:00 INFO request_id=req-normal-01032 method=GET path=/api/documents/12 status=200 duration_ms=15.2
2026-09-21T14:01:33-03:00 INFO request_id=req-normal-01033 method=GET path=/api/search status=200 duration_ms=16.2
2026-09-21T14:01:54-03:00 INFO request_id=req-normal-01034 method=POST path=/api/login status=200 duration_ms=17.2
2026-09-21T14:02:15-03:00 INFO request_id=req-normal-01035 method=GET path=/api/search status=200 duration_ms=18.2
2026-09-21T14:02:36-03:00 INFO request_id=req-normal-01036 method=GET path=/api/categories status=200 duration_ms=19.2
2026-09-21T14:02:57-03:00 INFO request_id=req-normal-01037 method=GET path=/api/documents/12 status=200 duration_ms=3.2
2026-09-21T14:03:18-03:00 INFO request_id=req-normal-01038 method=GET path=/api/search status=200 duration_ms=4.2
2026-09-21T14:03:39-03:00 INFO request_id=req-normal-01039 method=POST path=/api/login status=200 duration_ms=5.2
2026-09-21T14:04:00-03:00 INFO request_id=req-normal-01040 method=GET path=/api/search status=200 duration_ms=6.2
2026-09-21T14:04:21-03:00 INFO request_id=req-normal-01041 method=GET path=/api/categories status=200 duration_ms=7.2
2026-09-21T14:04:42-03:00 INFO request_id=req-normal-01042 method=GET path=/api/documents/12 status=200 duration_ms=8.2
2026-09-21T14:05:03-03:00 INFO request_id=req-normal-01043 method=GET path=/api/search status=200 duration_ms=9.2
2026-09-21T14:05:24-03:00 INFO request_id=req-normal-01044 method=POST path=/api/login status=200 duration_ms=10.2
2026-09-21T14:05:45-03:00 INFO request_id=req-normal-01045 method=GET path=/api/search status=200 duration_ms=11.2
2026-09-21T14:06:06-03:00 INFO request_id=req-normal-01046 method=GET path=/api/categories status=200 duration_ms=12.2
2026-09-21T14:06:27-03:00 INFO request_id=req-normal-01047 method=GET path=/api/documents/12 status=200 duration_ms=13.2
2026-09-21T14:06:48-03:00 INFO request_id=req-normal-01048 method=GET path=/api/search status=200 duration_ms=14.2
2026-09-21T14:07:09-03:00 INFO request_id=req-normal-01049 method=POST path=/api/login status=200 duration_ms=15.2
2026-09-21T14:07:30-03:00 INFO request_id=req-normal-01050 method=GET path=/api/search status=200 duration_ms=16.2
2026-09-21T14:07:51-03:00 INFO request_id=req-normal-01051 method=GET path=/api/categories status=200 duration_ms=17.2
2026-09-21T14:08:12-03:00 INFO request_id=req-normal-01052 method=GET path=/api/documents/12 status=200 duration_ms=18.2
2026-09-21T14:08:33-03:00 INFO request_id=req-normal-01053 method=GET path=/api/search status=200 duration_ms=19.2
2026-09-21T14:08:54-03:00 INFO request_id=req-normal-01054 method=POST path=/api/login status=200 duration_ms=3.2
2026-09-21T14:09:15-03:00 INFO request_id=req-normal-01055 method=GET path=/api/search status=200 duration_ms=4.2
2026-09-21T14:09:36-03:00 INFO request_id=req-normal-01056 method=GET path=/api/categories status=200 duration_ms=5.2
2026-09-21T14:09:57-03:00 INFO request_id=req-normal-01057 method=GET path=/api/documents/12 status=200 duration_ms=6.2
2026-09-21T14:10:18-03:00 INFO request_id=req-normal-01058 method=GET path=/api/search status=200 duration_ms=7.2
2026-09-21T14:10:39-03:00 INFO request_id=req-normal-01059 method=POST path=/api/login status=200 duration_ms=8.2
2026-09-21T14:11:00-03:00 INFO request_id=req-normal-01060 method=GET path=/api/search status=200 duration_ms=9.2
2026-09-21T14:11:21-03:00 INFO request_id=req-normal-01061 method=GET path=/api/categories status=200 duration_ms=10.2
2026-09-21T14:11:42-03:00 INFO request_id=req-normal-01062 method=GET path=/api/documents/12 status=200 duration_ms=11.2
2026-09-21T14:12:03-03:00 INFO request_id=req-normal-01063 method=GET path=/api/search status=200 duration_ms=12.2
2026-09-21T14:12:24-03:00 INFO request_id=req-normal-01064 method=POST path=/api/login status=200 duration_ms=13.2
2026-09-21T14:12:45-03:00 INFO request_id=req-normal-01065 method=GET path=/api/search status=200 duration_ms=14.2
2026-09-21T14:13:06-03:00 INFO request_id=req-normal-01066 method=GET path=/api/categories status=200 duration_ms=15.2
2026-09-21T14:13:27-03:00 INFO request_id=req-normal-01067 method=GET path=/api/documents/12 status=200 duration_ms=16.2
2026-09-21T14:13:48-03:00 INFO request_id=req-normal-01068 method=GET path=/api/search status=200 duration_ms=17.2
2026-09-21T14:14:09-03:00 INFO request_id=req-normal-01069 method=POST path=/api/login status=200 duration_ms=18.2
2026-09-21T14:14:30-03:00 INFO request_id=req-normal-01070 method=GET path=/api/search status=200 duration_ms=19.2
2026-09-21T14:14:51-03:00 INFO request_id=req-normal-01071 method=GET path=/api/categories status=200 duration_ms=3.2
2026-09-21T14:15:12-03:00 INFO request_id=req-normal-01072 method=GET path=/api/documents/12 status=200 duration_ms=4.2
2026-09-21T14:15:33-03:00 INFO request_id=req-normal-01073 method=GET path=/api/search status=200 duration_ms=5.2
2026-09-21T14:15:54-03:00 INFO request_id=req-normal-01074 method=POST path=/api/login status=200 duration_ms=6.2
2026-09-21T14:16:15-03:00 INFO request_id=req-normal-01075 method=GET path=/api/search status=200 duration_ms=7.2
2026-09-21T14:16:36-03:00 INFO request_id=req-normal-01076 method=GET path=/api/categories status=200 duration_ms=8.2
2026-09-21T14:16:57-03:00 INFO request_id=req-normal-01077 method=GET path=/api/documents/12 status=200 duration_ms=9.2
2026-09-21T14:17:18-03:00 INFO request_id=req-normal-01078 method=GET path=/api/search status=200 duration_ms=10.2
2026-09-21T14:17:39-03:00 INFO request_id=req-normal-01079 method=POST path=/api/login status=200 duration_ms=11.2
2026-09-21T14:18:00-03:00 INFO request_id=req-normal-01080 method=GET path=/api/search status=200 duration_ms=12.2
2026-09-21T14:18:21-03:00 INFO request_id=req-normal-01081 method=GET path=/api/categories status=200 duration_ms=13.2
2026-09-21T14:18:42-03:00 INFO request_id=req-normal-01082 method=GET path=/api/documents/12 status=200 duration_ms=14.2
2026-09-21T14:19:03-03:00 INFO request_id=req-normal-01083 method=GET path=/api/search status=200 duration_ms=15.2
2026-09-21T14:19:24-03:00 INFO request_id=req-normal-01084 method=POST path=/api/login status=200 duration_ms=16.2
2026-09-21T14:19:45-03:00 INFO request_id=req-normal-01085 method=GET path=/api/search status=200 duration_ms=17.2
2026-09-21T14:20:06-03:00 INFO request_id=req-normal-01086 method=GET path=/api/categories status=200 duration_ms=18.2
2026-09-21T14:20:27-03:00 INFO request_id=req-normal-01087 method=GET path=/api/documents/12 status=200 duration_ms=19.2
2026-09-21T14:20:48-03:00 INFO request_id=req-normal-01088 method=GET path=/api/search status=200 duration_ms=3.2
2026-09-21T14:21:09-03:00 INFO request_id=req-normal-01089 method=POST path=/api/login status=200 duration_ms=4.2
2026-09-21T14:21:30-03:00 INFO request_id=req-normal-01090 method=GET path=/api/search status=200 duration_ms=5.2
2026-09-21T14:21:51-03:00 INFO request_id=req-normal-01091 method=GET path=/api/categories status=200 duration_ms=6.2
2026-09-21T14:22:12-03:00 INFO request_id=req-normal-01092 method=GET path=/api/documents/12 status=200 duration_ms=7.2
2026-09-21T14:22:33-03:00 INFO request_id=req-normal-01093 method=GET path=/api/search status=200 duration_ms=8.2
2026-09-21T14:22:54-03:00 INFO request_id=req-normal-01094 method=POST path=/api/login status=200 duration_ms=9.2
2026-09-21T14:23:15-03:00 INFO request_id=req-normal-01095 method=GET path=/api/search status=200 duration_ms=10.2
2026-09-21T14:23:36-03:00 INFO request_id=req-normal-01096 method=GET path=/api/categories status=200 duration_ms=11.2
2026-09-21T14:23:57-03:00 INFO request_id=req-normal-01097 method=GET path=/api/documents/12 status=200 duration_ms=12.2
2026-09-21T14:24:18-03:00 INFO request_id=req-normal-01098 method=GET path=/api/search status=200 duration_ms=13.2
2026-09-21T14:24:39-03:00 INFO request_id=req-normal-01099 method=POST path=/api/login status=200 duration_ms=14.2
2026-09-21T14:25:00-03:00 INFO request_id=req-normal-01100 method=GET path=/api/search status=200 duration_ms=15.2
2026-09-21T14:25:21-03:00 INFO request_id=req-normal-01101 method=GET path=/api/categories status=200 duration_ms=16.2
2026-09-21T14:25:42-03:00 INFO request_id=req-normal-01102 method=GET path=/api/documents/12 status=200 duration_ms=17.2
2026-09-21T14:26:03-03:00 INFO request_id=req-normal-01103 method=GET path=/api/search status=200 duration_ms=18.2
2026-09-21T14:26:24-03:00 INFO request_id=req-normal-01104 method=POST path=/api/login status=200 duration_ms=19.2
2026-09-21T14:26:45-03:00 INFO request_id=req-normal-01105 method=GET path=/api/search status=200 duration_ms=3.2
2026-09-21T14:27:06-03:00 INFO request_id=req-normal-01106 method=GET path=/api/categories status=200 duration_ms=4.2
2026-09-21T14:27:27-03:00 INFO request_id=req-normal-01107 method=GET path=/api/documents/12 status=200 duration_ms=5.2
2026-09-21T14:27:48-03:00 INFO request_id=req-normal-01108 method=GET path=/api/search status=200 duration_ms=6.2
2026-09-21T14:28:09-03:00 INFO request_id=req-normal-01109 method=POST path=/api/login status=200 duration_ms=7.2
2026-09-21T14:28:30-03:00 INFO request_id=req-normal-01110 method=GET path=/api/search status=200 duration_ms=8.2
2026-09-21T14:28:51-03:00 INFO request_id=req-normal-01111 method=GET path=/api/categories status=200 duration_ms=9.2
2026-09-21T14:29:12-03:00 INFO request_id=req-normal-01112 method=GET path=/api/documents/12 status=200 duration_ms=10.2
2026-09-21T14:29:33-03:00 INFO request_id=req-normal-01113 method=GET path=/api/search status=200 duration_ms=11.2
2026-09-21T14:29:54-03:00 INFO request_id=req-normal-01114 method=POST path=/api/login status=200 duration_ms=12.2
2026-09-21T14:30:15-03:00 INFO request_id=req-normal-01115 method=GET path=/api/search status=200 duration_ms=13.2
2026-09-21T14:30:36-03:00 INFO request_id=req-normal-01116 method=GET path=/api/categories status=200 duration_ms=14.2
2026-09-21T14:30:57-03:00 INFO request_id=req-normal-01117 method=GET path=/api/documents/12 status=200 duration_ms=15.2
2026-09-21T14:31:18-03:00 INFO request_id=req-normal-01118 method=GET path=/api/search status=200 duration_ms=16.2
2026-09-21T14:31:39-03:00 INFO request_id=req-normal-01119 method=POST path=/api/login status=200 duration_ms=17.2
2026-09-21T14:32:00-03:00 INFO request_id=req-normal-01120 method=GET path=/api/search status=200 duration_ms=18.2
2026-09-21T14:32:21-03:00 INFO request_id=req-normal-01121 method=GET path=/api/categories status=200 duration_ms=19.2
2026-09-21T14:32:42-03:00 INFO request_id=req-normal-01122 method=GET path=/api/documents/12 status=200 duration_ms=3.2
2026-09-21T14:33:03-03:00 INFO request_id=req-normal-01123 method=GET path=/api/search status=200 duration_ms=4.2
2026-09-21T14:33:24-03:00 INFO request_id=req-normal-01124 method=POST path=/api/login status=200 duration_ms=5.2
2026-09-21T14:33:45-03:00 INFO request_id=req-normal-01125 method=GET path=/api/search status=200 duration_ms=6.2
2026-09-21T14:34:06-03:00 INFO request_id=req-normal-01126 method=GET path=/api/categories status=200 duration_ms=7.2
2026-09-21T14:34:27-03:00 INFO request_id=req-normal-01127 method=GET path=/api/documents/12 status=200 duration_ms=8.2
2026-09-21T14:34:48-03:00 INFO request_id=req-normal-01128 method=GET path=/api/search status=200 duration_ms=9.2
2026-09-21T14:35:09-03:00 INFO request_id=req-normal-01129 method=POST path=/api/login status=200 duration_ms=10.2
2026-09-21T14:35:30-03:00 INFO request_id=req-normal-01130 method=GET path=/api/search status=200 duration_ms=11.2
2026-09-21T14:35:51-03:00 INFO request_id=req-normal-01131 method=GET path=/api/categories status=200 duration_ms=12.2
2026-09-21T14:36:12-03:00 INFO request_id=req-normal-01132 method=GET path=/api/documents/12 status=200 duration_ms=13.2
2026-09-21T14:36:33-03:00 INFO request_id=req-normal-01133 method=GET path=/api/search status=200 duration_ms=14.2
2026-09-21T14:36:54-03:00 INFO request_id=req-normal-01134 method=POST path=/api/login status=200 duration_ms=15.2
2026-09-21T14:37:15-03:00 INFO request_id=req-normal-01135 method=GET path=/api/search status=200 duration_ms=16.2
2026-09-21T14:37:36-03:00 INFO request_id=req-normal-01136 method=GET path=/api/categories status=200 duration_ms=17.2
2026-09-21T14:37:57-03:00 INFO request_id=req-normal-01137 method=GET path=/api/documents/12 status=200 duration_ms=18.2
2026-09-21T14:38:18-03:00 INFO request_id=req-normal-01138 method=GET path=/api/search status=200 duration_ms=19.2
2026-09-21T14:38:39-03:00 INFO request_id=req-normal-01139 method=POST path=/api/login status=200 duration_ms=3.2
2026-09-21T14:39:00-03:00 INFO request_id=req-normal-01140 method=GET path=/api/search status=200 duration_ms=4.2
2026-09-21T14:39:21-03:00 INFO request_id=req-normal-01141 method=GET path=/api/categories status=200 duration_ms=5.2
2026-09-21T14:39:42-03:00 INFO request_id=req-normal-01142 method=GET path=/api/documents/12 status=200 duration_ms=6.2
2026-09-21T14:40:03-03:00 INFO request_id=req-normal-01143 method=GET path=/api/search status=200 duration_ms=7.2
2026-09-21T14:40:24-03:00 INFO request_id=req-normal-01144 method=POST path=/api/login status=200 duration_ms=8.2
2026-09-21T14:40:45-03:00 INFO request_id=req-normal-01145 method=GET path=/api/search status=200 duration_ms=9.2
2026-09-21T14:41:06-03:00 INFO request_id=req-normal-01146 method=GET path=/api/categories status=200 duration_ms=10.2
2026-09-21T14:41:27-03:00 INFO request_id=req-normal-01147 method=GET path=/api/documents/12 status=200 duration_ms=11.2
2026-09-21T14:41:48-03:00 INFO request_id=req-normal-01148 method=GET path=/api/search status=200 duration_ms=12.2
2026-09-21T14:42:09-03:00 INFO request_id=req-normal-01149 method=POST path=/api/login status=200 duration_ms=13.2
2026-09-21T14:42:30-03:00 INFO request_id=req-normal-01150 method=GET path=/api/search status=200 duration_ms=14.2
2026-09-21T14:42:51-03:00 INFO request_id=req-normal-01151 method=GET path=/api/categories status=200 duration_ms=15.2
2026-09-21T14:43:12-03:00 INFO request_id=req-normal-01152 method=GET path=/api/documents/12 status=200 duration_ms=16.2
2026-09-21T14:43:33-03:00 INFO request_id=req-normal-01153 method=GET path=/api/search status=200 duration_ms=17.2
2026-09-21T14:43:54-03:00 INFO request_id=req-normal-01154 method=POST path=/api/login status=200 duration_ms=18.2
2026-09-21T14:44:15-03:00 INFO request_id=req-normal-01155 method=GET path=/api/search status=200 duration_ms=19.2
2026-09-21T14:44:36-03:00 INFO request_id=req-normal-01156 method=GET path=/api/categories status=200 duration_ms=3.2
2026-09-21T14:44:57-03:00 INFO request_id=req-normal-01157 method=GET path=/api/documents/12 status=200 duration_ms=4.2
2026-09-21T14:45:18-03:00 INFO request_id=req-normal-01158 method=GET path=/api/search status=200 duration_ms=5.2
2026-09-21T14:45:39-03:00 INFO request_id=req-normal-01159 method=POST path=/api/login status=200 duration_ms=6.2
2026-09-21T14:46:00-03:00 INFO request_id=req-normal-01160 method=GET path=/api/search status=200 duration_ms=7.2
2026-09-21T14:46:21-03:00 INFO request_id=req-normal-01161 method=GET path=/api/categories status=200 duration_ms=8.2
2026-09-21T14:46:42-03:00 INFO request_id=req-normal-01162 method=GET path=/api/documents/12 status=200 duration_ms=9.2
2026-09-21T14:47:03-03:00 INFO request_id=req-normal-01163 method=GET path=/api/search status=200 duration_ms=10.2
2026-09-21T14:47:24-03:00 INFO request_id=req-normal-01164 method=POST path=/api/login status=200 duration_ms=11.2
2026-09-21T14:47:45-03:00 INFO request_id=req-normal-01165 method=GET path=/api/search status=200 duration_ms=12.2
2026-09-21T14:48:06-03:00 INFO request_id=req-normal-01166 method=GET path=/api/categories status=200 duration_ms=13.2
2026-09-21T14:48:27-03:00 INFO request_id=req-normal-01167 method=GET path=/api/documents/12 status=200 duration_ms=14.2
2026-09-21T14:48:48-03:00 INFO request_id=req-normal-01168 method=GET path=/api/search status=200 duration_ms=15.2
2026-09-21T14:49:09-03:00 INFO request_id=req-normal-01169 method=POST path=/api/login status=200 duration_ms=16.2
2026-09-21T14:49:30-03:00 INFO request_id=req-normal-01170 method=GET path=/api/search status=200 duration_ms=17.2
2026-09-21T14:49:51-03:00 INFO request_id=req-normal-01171 method=GET path=/api/categories status=200 duration_ms=18.2
2026-09-21T14:50:12-03:00 INFO request_id=req-normal-01172 method=GET path=/api/documents/12 status=200 duration_ms=19.2
2026-09-21T14:50:33-03:00 INFO request_id=req-normal-01173 method=GET path=/api/search status=200 duration_ms=3.2
2026-09-21T14:50:54-03:00 INFO request_id=req-normal-01174 method=POST path=/api/login status=200 duration_ms=4.2
2026-09-21T14:51:15-03:00 INFO request_id=req-normal-01175 method=GET path=/api/search status=200 duration_ms=5.2
2026-09-21T14:51:36-03:00 INFO request_id=req-normal-01176 method=GET path=/api/categories status=200 duration_ms=6.2
2026-09-21T14:51:57-03:00 INFO request_id=req-normal-01177 method=GET path=/api/documents/12 status=200 duration_ms=7.2
2026-09-21T14:52:18-03:00 INFO request_id=req-normal-01178 method=GET path=/api/search status=200 duration_ms=8.2
2026-09-21T14:52:39-03:00 INFO request_id=req-normal-01179 method=POST path=/api/login status=200 duration_ms=9.2
2026-09-21T14:53:00-03:00 INFO request_id=req-normal-01180 method=GET path=/api/search status=200 duration_ms=10.2
2026-09-21T14:53:21-03:00 INFO request_id=req-normal-01181 method=GET path=/api/categories status=200 duration_ms=11.2
2026-09-21T14:53:42-03:00 INFO request_id=req-normal-01182 method=GET path=/api/documents/12 status=200 duration_ms=12.2
2026-09-21T14:54:03-03:00 INFO request_id=req-normal-01183 method=GET path=/api/search status=200 duration_ms=13.2
2026-09-21T14:54:24-03:00 INFO request_id=req-normal-01184 method=POST path=/api/login status=200 duration_ms=14.2
2026-09-21T14:54:45-03:00 INFO request_id=req-normal-01185 method=GET path=/api/search status=200 duration_ms=15.2
2026-09-21T14:55:06-03:00 INFO request_id=req-normal-01186 method=GET path=/api/categories status=200 duration_ms=16.2
2026-09-21T14:55:27-03:00 INFO request_id=req-normal-01187 method=GET path=/api/documents/12 status=200 duration_ms=17.2
2026-09-21T14:55:48-03:00 INFO request_id=req-normal-01188 method=GET path=/api/search status=200 duration_ms=18.2
2026-09-21T14:56:09-03:00 INFO request_id=req-normal-01189 method=POST path=/api/login status=200 duration_ms=19.2
2026-09-21T14:56:30-03:00 INFO request_id=req-normal-01190 method=GET path=/api/search status=200 duration_ms=3.2
2026-09-21T14:56:51-03:00 INFO request_id=req-normal-01191 method=GET path=/api/categories status=200 duration_ms=4.2
2026-09-21T14:57:12-03:00 INFO request_id=req-normal-01192 method=GET path=/api/documents/12 status=200 duration_ms=5.2
2026-09-21T14:57:33-03:00 INFO request_id=req-normal-01193 method=GET path=/api/search status=200 duration_ms=6.2
2026-09-21T14:57:54-03:00 INFO request_id=req-normal-01194 method=POST path=/api/login status=200 duration_ms=7.2
2026-09-21T14:58:15-03:00 INFO request_id=req-normal-01195 method=GET path=/api/search status=200 duration_ms=8.2
2026-09-21T14:58:36-03:00 INFO request_id=req-normal-01196 method=GET path=/api/categories status=200 duration_ms=9.2
2026-09-21T14:58:57-03:00 INFO request_id=req-normal-01197 method=GET path=/api/documents/12 status=200 duration_ms=10.2
2026-09-21T14:59:18-03:00 INFO request_id=req-normal-01198 method=GET path=/api/search status=200 duration_ms=11.2
2026-09-21T14:59:39-03:00 INFO request_id=req-normal-01199 method=POST path=/api/login status=200 duration_ms=12.2
2026-09-21T15:00:00-03:00 INFO request_id=req-normal-01200 method=GET path=/api/search status=200 duration_ms=13.2
2026-09-21T15:00:21-03:00 INFO request_id=req-normal-01201 method=GET path=/api/categories status=200 duration_ms=14.2
2026-09-21T15:00:42-03:00 INFO request_id=req-normal-01202 method=GET path=/api/documents/12 status=200 duration_ms=15.2
2026-09-21T15:01:03-03:00 INFO request_id=req-normal-01203 method=GET path=/api/search status=200 duration_ms=16.2
2026-09-21T15:01:24-03:00 INFO request_id=req-normal-01204 method=POST path=/api/login status=200 duration_ms=17.2
2026-09-21T15:01:45-03:00 INFO request_id=req-normal-01205 method=GET path=/api/search status=200 duration_ms=18.2
2026-09-21T15:02:06-03:00 INFO request_id=req-normal-01206 method=GET path=/api/categories status=200 duration_ms=19.2
2026-09-21T15:02:27-03:00 INFO request_id=req-normal-01207 method=GET path=/api/documents/12 status=200 duration_ms=3.2
2026-09-21T15:02:48-03:00 INFO request_id=req-normal-01208 method=GET path=/api/search status=200 duration_ms=4.2
2026-09-21T15:03:09-03:00 INFO request_id=req-normal-01209 method=POST path=/api/login status=200 duration_ms=5.2
2026-09-21T15:03:30-03:00 INFO request_id=req-normal-01210 method=GET path=/api/search status=200 duration_ms=6.2
2026-09-21T15:03:51-03:00 INFO request_id=req-normal-01211 method=GET path=/api/categories status=200 duration_ms=7.2
2026-09-21T15:04:12-03:00 INFO request_id=req-normal-01212 method=GET path=/api/documents/12 status=200 duration_ms=8.2
2026-09-21T15:04:33-03:00 INFO request_id=req-normal-01213 method=GET path=/api/search status=200 duration_ms=9.2
2026-09-21T15:04:54-03:00 INFO request_id=req-normal-01214 method=POST path=/api/login status=200 duration_ms=10.2
2026-09-21T15:05:15-03:00 INFO request_id=req-normal-01215 method=GET path=/api/search status=200 duration_ms=11.2
2026-09-21T15:05:36-03:00 INFO request_id=req-normal-01216 method=GET path=/api/categories status=200 duration_ms=12.2
2026-09-21T15:05:57-03:00 INFO request_id=req-normal-01217 method=GET path=/api/documents/12 status=200 duration_ms=13.2
2026-09-21T15:06:18-03:00 INFO request_id=req-normal-01218 method=GET path=/api/search status=200 duration_ms=14.2
2026-09-21T15:06:39-03:00 INFO request_id=req-normal-01219 method=POST path=/api/login status=200 duration_ms=15.2
2026-09-21T15:07:00-03:00 INFO request_id=req-normal-01220 method=GET path=/api/search status=200 duration_ms=16.2
2026-09-21T15:07:21-03:00 INFO request_id=req-normal-01221 method=GET path=/api/categories status=200 duration_ms=17.2
2026-09-21T15:07:42-03:00 INFO request_id=req-normal-01222 method=GET path=/api/documents/12 status=200 duration_ms=18.2
2026-09-21T15:08:03-03:00 INFO request_id=req-normal-01223 method=GET path=/api/search status=200 duration_ms=19.2
2026-09-21T15:08:24-03:00 INFO request_id=req-normal-01224 method=POST path=/api/login status=200 duration_ms=3.2
2026-09-21T15:08:45-03:00 INFO request_id=req-normal-01225 method=GET path=/api/search status=200 duration_ms=4.2
2026-09-21T15:09:06-03:00 INFO request_id=req-normal-01226 method=GET path=/api/categories status=200 duration_ms=5.2
2026-09-21T15:09:27-03:00 INFO request_id=req-normal-01227 method=GET path=/api/documents/12 status=200 duration_ms=6.2
2026-09-21T15:09:48-03:00 INFO request_id=req-normal-01228 method=GET path=/api/search status=200 duration_ms=7.2
2026-09-21T15:10:09-03:00 INFO request_id=req-normal-01229 method=POST path=/api/login status=200 duration_ms=8.2
2026-09-21T15:10:30-03:00 INFO request_id=req-normal-01230 method=GET path=/api/search status=200 duration_ms=9.2
2026-09-21T15:10:51-03:00 INFO request_id=req-normal-01231 method=GET path=/api/categories status=200 duration_ms=10.2
2026-09-21T15:11:12-03:00 INFO request_id=req-normal-01232 method=GET path=/api/documents/12 status=200 duration_ms=11.2
2026-09-21T15:11:33-03:00 INFO request_id=req-normal-01233 method=GET path=/api/search status=200 duration_ms=12.2
2026-09-21T15:11:54-03:00 INFO request_id=req-normal-01234 method=POST path=/api/login status=200 duration_ms=13.2
2026-09-21T15:12:15-03:00 INFO request_id=req-normal-01235 method=GET path=/api/search status=200 duration_ms=14.2
2026-09-21T15:12:36-03:00 INFO request_id=req-normal-01236 method=GET path=/api/categories status=200 duration_ms=15.2
2026-09-21T15:12:57-03:00 INFO request_id=req-normal-01237 method=GET path=/api/documents/12 status=200 duration_ms=16.2
2026-09-21T15:13:18-03:00 INFO request_id=req-normal-01238 method=GET path=/api/search status=200 duration_ms=17.2
2026-09-21T15:13:39-03:00 INFO request_id=req-normal-01239 method=POST path=/api/login status=200 duration_ms=18.2
2026-09-21T15:14:00-03:00 INFO request_id=req-normal-01240 method=GET path=/api/search status=200 duration_ms=19.2
2026-09-21T15:14:21-03:00 INFO request_id=req-normal-01241 method=GET path=/api/categories status=200 duration_ms=3.2
2026-09-21T15:14:42-03:00 INFO request_id=req-normal-01242 method=GET path=/api/documents/12 status=200 duration_ms=4.2
2026-09-21T15:15:03-03:00 INFO request_id=req-normal-01243 method=GET path=/api/search status=200 duration_ms=5.2
2026-09-21T15:15:24-03:00 INFO request_id=req-normal-01244 method=POST path=/api/login status=200 duration_ms=6.2
2026-09-21T15:15:45-03:00 INFO request_id=req-normal-01245 method=GET path=/api/search status=200 duration_ms=7.2
2026-09-21T15:16:06-03:00 INFO request_id=req-normal-01246 method=GET path=/api/categories status=200 duration_ms=8.2
2026-09-21T15:16:27-03:00 INFO request_id=req-normal-01247 method=GET path=/api/documents/12 status=200 duration_ms=9.2
2026-09-21T15:16:48-03:00 INFO request_id=req-normal-01248 method=GET path=/api/search status=200 duration_ms=10.2
2026-09-21T15:17:09-03:00 INFO request_id=req-normal-01249 method=POST path=/api/login status=200 duration_ms=11.2
2026-09-21T15:17:30-03:00 INFO request_id=req-normal-01250 method=GET path=/api/search status=200 duration_ms=12.2
2026-09-21T15:17:51-03:00 INFO request_id=req-normal-01251 method=GET path=/api/categories status=200 duration_ms=13.2
2026-09-21T15:18:12-03:00 INFO request_id=req-normal-01252 method=GET path=/api/documents/12 status=200 duration_ms=14.2
2026-09-21T15:18:33-03:00 INFO request_id=req-normal-01253 method=GET path=/api/search status=200 duration_ms=15.2
2026-09-21T15:18:54-03:00 INFO request_id=req-normal-01254 method=POST path=/api/login status=200 duration_ms=16.2
2026-09-21T15:19:15-03:00 INFO request_id=req-normal-01255 method=GET path=/api/search status=200 duration_ms=17.2
2026-09-21T15:19:36-03:00 INFO request_id=req-normal-01256 method=GET path=/api/categories status=200 duration_ms=18.2
2026-09-21T15:19:57-03:00 INFO request_id=req-normal-01257 method=GET path=/api/documents/12 status=200 duration_ms=19.2
2026-09-21T15:20:18-03:00 INFO request_id=req-normal-01258 method=GET path=/api/search status=200 duration_ms=3.2
2026-09-21T15:20:39-03:00 INFO request_id=req-normal-01259 method=POST path=/api/login status=200 duration_ms=4.2
2026-09-21T15:21:00-03:00 INFO request_id=req-normal-01260 method=GET path=/api/search status=200 duration_ms=5.2
2026-09-21T15:21:21-03:00 INFO request_id=req-normal-01261 method=GET path=/api/categories status=200 duration_ms=6.2
2026-09-21T15:21:42-03:00 INFO request_id=req-normal-01262 method=GET path=/api/documents/12 status=200 duration_ms=7.2
2026-09-21T15:22:03-03:00 INFO request_id=req-normal-01263 method=GET path=/api/search status=200 duration_ms=8.2
2026-09-21T15:22:24-03:00 INFO request_id=req-normal-01264 method=POST path=/api/login status=200 duration_ms=9.2
2026-09-21T15:22:45-03:00 INFO request_id=req-normal-01265 method=GET path=/api/search status=200 duration_ms=10.2
2026-09-21T15:23:06-03:00 INFO request_id=req-normal-01266 method=GET path=/api/categories status=200 duration_ms=11.2
2026-09-21T15:23:27-03:00 INFO request_id=req-normal-01267 method=GET path=/api/documents/12 status=200 duration_ms=12.2
2026-09-21T15:23:48-03:00 INFO request_id=req-normal-01268 method=GET path=/api/search status=200 duration_ms=13.2
2026-09-21T15:24:09-03:00 INFO request_id=req-normal-01269 method=POST path=/api/login status=200 duration_ms=14.2
2026-09-21T15:24:30-03:00 INFO request_id=req-normal-01270 method=GET path=/api/search status=200 duration_ms=15.2
2026-09-21T15:24:51-03:00 INFO request_id=req-normal-01271 method=GET path=/api/categories status=200 duration_ms=16.2
2026-09-21T15:25:12-03:00 INFO request_id=req-normal-01272 method=GET path=/api/documents/12 status=200 duration_ms=17.2
2026-09-21T15:25:33-03:00 INFO request_id=req-normal-01273 method=GET path=/api/search status=200 duration_ms=18.2
2026-09-21T15:25:54-03:00 INFO request_id=req-normal-01274 method=POST path=/api/login status=200 duration_ms=19.2
2026-09-21T15:26:15-03:00 INFO request_id=req-normal-01275 method=GET path=/api/search status=200 duration_ms=3.2
2026-09-21T15:26:36-03:00 INFO request_id=req-normal-01276 method=GET path=/api/categories status=200 duration_ms=4.2
2026-09-21T15:26:57-03:00 INFO request_id=req-normal-01277 method=GET path=/api/documents/12 status=200 duration_ms=5.2
2026-09-21T15:27:18-03:00 INFO request_id=req-normal-01278 method=GET path=/api/search status=200 duration_ms=6.2
2026-09-21T15:27:39-03:00 INFO request_id=req-normal-01279 method=POST path=/api/login status=200 duration_ms=7.2
2026-09-21T15:28:00-03:00 INFO request_id=req-normal-01280 method=GET path=/api/search status=200 duration_ms=8.2
2026-09-21T15:28:21-03:00 INFO request_id=req-normal-01281 method=GET path=/api/categories status=200 duration_ms=9.2
2026-09-21T15:28:42-03:00 INFO request_id=req-normal-01282 method=GET path=/api/documents/12 status=200 duration_ms=10.2
2026-09-21T15:29:03-03:00 INFO request_id=req-normal-01283 method=GET path=/api/search status=200 duration_ms=11.2
2026-09-21T15:29:24-03:00 INFO request_id=req-normal-01284 method=POST path=/api/login status=200 duration_ms=12.2
2026-09-21T15:29:45-03:00 INFO request_id=req-normal-01285 method=GET path=/api/search status=200 duration_ms=13.2
2026-09-21T15:30:06-03:00 INFO request_id=req-normal-01286 method=GET path=/api/categories status=200 duration_ms=14.2
2026-09-21T15:30:27-03:00 INFO request_id=req-normal-01287 method=GET path=/api/documents/12 status=200 duration_ms=15.2
2026-09-21T15:30:48-03:00 INFO request_id=req-normal-01288 method=GET path=/api/search status=200 duration_ms=16.2
2026-09-21T15:31:09-03:00 INFO request_id=req-normal-01289 method=POST path=/api/login status=200 duration_ms=17.2
2026-09-21T15:31:30-03:00 INFO request_id=req-normal-01290 method=GET path=/api/search status=200 duration_ms=18.2
2026-09-21T15:31:51-03:00 INFO request_id=req-normal-01291 method=GET path=/api/categories status=200 duration_ms=19.2
2026-09-21T15:32:12-03:00 INFO request_id=req-normal-01292 method=GET path=/api/documents/12 status=200 duration_ms=3.2
2026-09-21T15:32:33-03:00 INFO request_id=req-normal-01293 method=GET path=/api/search status=200 duration_ms=4.2
2026-09-21T15:32:54-03:00 INFO request_id=req-normal-01294 method=POST path=/api/login status=200 duration_ms=5.2
2026-09-21T15:33:15-03:00 INFO request_id=req-normal-01295 method=GET path=/api/search status=200 duration_ms=6.2
2026-09-21T15:33:36-03:00 INFO request_id=req-normal-01296 method=GET path=/api/categories status=200 duration_ms=7.2
2026-09-21T15:33:57-03:00 INFO request_id=req-normal-01297 method=GET path=/api/documents/12 status=200 duration_ms=8.2
2026-09-21T15:34:18-03:00 INFO request_id=req-normal-01298 method=GET path=/api/search status=200 duration_ms=9.2
2026-09-21T15:34:39-03:00 INFO request_id=req-normal-01299 method=POST path=/api/login status=200 duration_ms=10.2
2026-09-21T15:35:00-03:00 INFO request_id=req-normal-01300 method=GET path=/api/search status=200 duration_ms=11.2
2026-09-21T15:35:21-03:00 INFO request_id=req-normal-01301 method=GET path=/api/categories status=200 duration_ms=12.2
2026-09-21T15:35:42-03:00 INFO request_id=req-normal-01302 method=GET path=/api/documents/12 status=200 duration_ms=13.2
2026-09-21T15:36:03-03:00 INFO request_id=req-normal-01303 method=GET path=/api/search status=200 duration_ms=14.2
2026-09-21T15:36:24-03:00 INFO request_id=req-normal-01304 method=POST path=/api/login status=200 duration_ms=15.2
2026-09-21T15:36:45-03:00 INFO request_id=req-normal-01305 method=GET path=/api/search status=200 duration_ms=16.2
2026-09-21T15:37:06-03:00 INFO request_id=req-normal-01306 method=GET path=/api/categories status=200 duration_ms=17.2
2026-09-21T15:37:27-03:00 INFO request_id=req-normal-01307 method=GET path=/api/documents/12 status=200 duration_ms=18.2
2026-09-21T15:37:48-03:00 INFO request_id=req-normal-01308 method=GET path=/api/search status=200 duration_ms=19.2
2026-09-21T15:38:09-03:00 INFO request_id=req-normal-01309 method=POST path=/api/login status=200 duration_ms=3.2
2026-09-21T15:38:30-03:00 INFO request_id=req-normal-01310 method=GET path=/api/search status=200 duration_ms=4.2
2026-09-21T15:38:51-03:00 INFO request_id=req-normal-01311 method=GET path=/api/categories status=200 duration_ms=5.2
2026-09-21T15:39:12-03:00 INFO request_id=req-normal-01312 method=GET path=/api/documents/12 status=200 duration_ms=6.2
2026-09-21T15:39:33-03:00 INFO request_id=req-normal-01313 method=GET path=/api/search status=200 duration_ms=7.2
2026-09-21T15:39:54-03:00 INFO request_id=req-normal-01314 method=POST path=/api/login status=200 duration_ms=8.2
2026-09-21T15:40:15-03:00 INFO request_id=req-normal-01315 method=GET path=/api/search status=200 duration_ms=9.2
2026-09-21T15:40:36-03:00 INFO request_id=req-normal-01316 method=GET path=/api/categories status=200 duration_ms=10.2
2026-09-21T15:40:57-03:00 INFO request_id=req-normal-01317 method=GET path=/api/documents/12 status=200 duration_ms=11.2
2026-09-21T15:41:18-03:00 INFO request_id=req-normal-01318 method=GET path=/api/search status=200 duration_ms=12.2
2026-09-21T15:41:39-03:00 INFO request_id=req-normal-01319 method=POST path=/api/login status=200 duration_ms=13.2
2026-09-21T15:42:00-03:00 INFO request_id=req-normal-01320 method=GET path=/api/search status=200 duration_ms=14.2
2026-09-21T15:42:21-03:00 INFO request_id=req-normal-01321 method=GET path=/api/categories status=200 duration_ms=15.2
2026-09-21T15:42:42-03:00 INFO request_id=req-normal-01322 method=GET path=/api/documents/12 status=200 duration_ms=16.2
2026-09-21T15:43:03-03:00 INFO request_id=req-normal-01323 method=GET path=/api/search status=200 duration_ms=17.2
2026-09-21T15:43:24-03:00 INFO request_id=req-normal-01324 method=POST path=/api/login status=200 duration_ms=18.2
2026-09-21T15:43:45-03:00 INFO request_id=req-normal-01325 method=GET path=/api/search status=200 duration_ms=19.2
2026-09-21T15:44:06-03:00 INFO request_id=req-normal-01326 method=GET path=/api/categories status=200 duration_ms=3.2
2026-09-21T15:44:27-03:00 INFO request_id=req-normal-01327 method=GET path=/api/documents/12 status=200 duration_ms=4.2
2026-09-21T15:44:48-03:00 INFO request_id=req-normal-01328 method=GET path=/api/search status=200 duration_ms=5.2
2026-09-21T15:45:09-03:00 INFO request_id=req-normal-01329 method=POST path=/api/login status=200 duration_ms=6.2
2026-09-21T15:45:30-03:00 INFO request_id=req-normal-01330 method=GET path=/api/search status=200 duration_ms=7.2
2026-09-21T15:45:51-03:00 INFO request_id=req-normal-01331 method=GET path=/api/categories status=200 duration_ms=8.2
2026-09-21T15:46:12-03:00 INFO request_id=req-normal-01332 method=GET path=/api/documents/12 status=200 duration_ms=9.2
2026-09-21T15:46:33-03:00 INFO request_id=req-normal-01333 method=GET path=/api/search status=200 duration_ms=10.2
2026-09-21T15:46:54-03:00 INFO request_id=req-normal-01334 method=POST path=/api/login status=200 duration_ms=11.2
2026-09-21T15:47:15-03:00 INFO request_id=req-normal-01335 method=GET path=/api/search status=200 duration_ms=12.2
2026-09-21T15:47:36-03:00 INFO request_id=req-normal-01336 method=GET path=/api/categories status=200 duration_ms=13.2
2026-09-21T15:47:57-03:00 INFO request_id=req-normal-01337 method=GET path=/api/documents/12 status=200 duration_ms=14.2
2026-09-21T15:48:18-03:00 INFO request_id=req-normal-01338 method=GET path=/api/search status=200 duration_ms=15.2
2026-09-21T15:48:39-03:00 INFO request_id=req-normal-01339 method=POST path=/api/login status=200 duration_ms=16.2
2026-09-21T15:49:00-03:00 INFO request_id=req-normal-01340 method=GET path=/api/search status=200 duration_ms=17.2
2026-09-21T15:49:21-03:00 INFO request_id=req-normal-01341 method=GET path=/api/categories status=200 duration_ms=18.2
2026-09-21T15:49:42-03:00 INFO request_id=req-normal-01342 method=GET path=/api/documents/12 status=200 duration_ms=19.2
2026-09-21T15:50:03-03:00 INFO request_id=req-normal-01343 method=GET path=/api/search status=200 duration_ms=3.2
2026-09-21T15:50:24-03:00 INFO request_id=req-normal-01344 method=POST path=/api/login status=200 duration_ms=4.2
2026-09-21T15:50:45-03:00 INFO request_id=req-normal-01345 method=GET path=/api/search status=200 duration_ms=5.2
2026-09-21T15:51:06-03:00 INFO request_id=req-normal-01346 method=GET path=/api/categories status=200 duration_ms=6.2
2026-09-21T15:51:27-03:00 INFO request_id=req-normal-01347 method=GET path=/api/documents/12 status=200 duration_ms=7.2
2026-09-21T15:51:48-03:00 INFO request_id=req-normal-01348 method=GET path=/api/search status=200 duration_ms=8.2
2026-09-21T15:52:09-03:00 INFO request_id=req-normal-01349 method=POST path=/api/login status=200 duration_ms=9.2
2026-09-21T15:52:30-03:00 INFO request_id=req-normal-01350 method=GET path=/api/search status=200 duration_ms=10.2
2026-09-21T15:52:51-03:00 INFO request_id=req-normal-01351 method=GET path=/api/categories status=200 duration_ms=11.2
2026-09-21T15:53:12-03:00 INFO request_id=req-normal-01352 method=GET path=/api/documents/12 status=200 duration_ms=12.2
2026-09-21T15:53:33-03:00 INFO request_id=req-normal-01353 method=GET path=/api/search status=200 duration_ms=13.2
2026-09-21T15:53:54-03:00 INFO request_id=req-normal-01354 method=POST path=/api/login status=200 duration_ms=14.2
2026-09-21T15:54:15-03:00 INFO request_id=req-normal-01355 method=GET path=/api/search status=200 duration_ms=15.2
2026-09-21T15:54:36-03:00 INFO request_id=req-normal-01356 method=GET path=/api/categories status=200 duration_ms=16.2
2026-09-21T15:54:57-03:00 INFO request_id=req-normal-01357 method=GET path=/api/documents/12 status=200 duration_ms=17.2
2026-09-21T15:55:18-03:00 INFO request_id=req-normal-01358 method=GET path=/api/search status=200 duration_ms=18.2
2026-09-21T15:55:39-03:00 INFO request_id=req-normal-01359 method=POST path=/api/login status=200 duration_ms=19.2
2026-09-21T15:56:00-03:00 INFO request_id=req-normal-01360 method=GET path=/api/search status=200 duration_ms=3.2
2026-09-21T15:56:21-03:00 INFO request_id=req-normal-01361 method=GET path=/api/categories status=200 duration_ms=4.2
2026-09-21T15:56:42-03:00 INFO request_id=req-normal-01362 method=GET path=/api/documents/12 status=200 duration_ms=5.2
2026-09-21T15:57:03-03:00 INFO request_id=req-normal-01363 method=GET path=/api/search status=200 duration_ms=6.2
2026-09-21T15:57:24-03:00 INFO request_id=req-normal-01364 method=POST path=/api/login status=200 duration_ms=7.2
2026-09-21T15:57:45-03:00 INFO request_id=req-normal-01365 method=GET path=/api/search status=200 duration_ms=8.2
2026-09-21T15:58:06-03:00 INFO request_id=req-normal-01366 method=GET path=/api/categories status=200 duration_ms=9.2
2026-09-21T15:58:27-03:00 INFO request_id=req-normal-01367 method=GET path=/api/documents/12 status=200 duration_ms=10.2
2026-09-21T15:58:48-03:00 INFO request_id=req-normal-01368 method=GET path=/api/search status=200 duration_ms=11.2
2026-09-21T15:59:09-03:00 INFO request_id=req-normal-01369 method=POST path=/api/login status=200 duration_ms=12.2
2026-09-21T15:59:30-03:00 INFO request_id=req-normal-01370 method=GET path=/api/search status=200 duration_ms=13.2
2026-09-21T15:59:51-03:00 INFO request_id=req-normal-01371 method=GET path=/api/categories status=200 duration_ms=14.2
2026-09-21T16:00:12-03:00 INFO request_id=req-normal-01372 method=GET path=/api/documents/12 status=200 duration_ms=15.2
2026-09-21T16:00:33-03:00 INFO request_id=req-normal-01373 method=GET path=/api/search status=200 duration_ms=16.2
2026-09-21T16:00:54-03:00 INFO request_id=req-normal-01374 method=POST path=/api/login status=200 duration_ms=17.2
2026-09-21T16:01:15-03:00 INFO request_id=req-normal-01375 method=GET path=/api/search status=200 duration_ms=18.2
2026-09-21T16:01:36-03:00 INFO request_id=req-normal-01376 method=GET path=/api/categories status=200 duration_ms=19.2
2026-09-21T16:01:57-03:00 INFO request_id=req-normal-01377 method=GET path=/api/documents/12 status=200 duration_ms=3.2
2026-09-21T16:02:18-03:00 INFO request_id=req-normal-01378 method=GET path=/api/search status=200 duration_ms=4.2
2026-09-21T16:02:39-03:00 INFO request_id=req-normal-01379 method=POST path=/api/login status=200 duration_ms=5.2
2026-09-21T16:03:00-03:00 INFO request_id=req-normal-01380 method=GET path=/api/search status=200 duration_ms=6.2
2026-09-21T16:03:21-03:00 INFO request_id=req-normal-01381 method=GET path=/api/categories status=200 duration_ms=7.2
2026-09-21T16:03:42-03:00 INFO request_id=req-normal-01382 method=GET path=/api/documents/12 status=200 duration_ms=8.2
2026-09-21T16:04:03-03:00 INFO request_id=req-normal-01383 method=GET path=/api/search status=200 duration_ms=9.2
2026-09-21T16:04:24-03:00 INFO request_id=req-normal-01384 method=POST path=/api/login status=200 duration_ms=10.2
2026-09-21T16:04:45-03:00 INFO request_id=req-normal-01385 method=GET path=/api/search status=200 duration_ms=11.2
2026-09-21T16:05:06-03:00 INFO request_id=req-normal-01386 method=GET path=/api/categories status=200 duration_ms=12.2
2026-09-21T16:05:27-03:00 INFO request_id=req-normal-01387 method=GET path=/api/documents/12 status=200 duration_ms=13.2
2026-09-21T16:05:48-03:00 INFO request_id=req-normal-01388 method=GET path=/api/search status=200 duration_ms=14.2
2026-09-21T16:06:09-03:00 INFO request_id=req-normal-01389 method=POST path=/api/login status=200 duration_ms=15.2
2026-09-21T16:06:30-03:00 INFO request_id=req-normal-01390 method=GET path=/api/search status=200 duration_ms=16.2
2026-09-21T16:06:51-03:00 INFO request_id=req-normal-01391 method=GET path=/api/categories status=200 duration_ms=17.2
2026-09-21T16:07:12-03:00 INFO request_id=req-normal-01392 method=GET path=/api/documents/12 status=200 duration_ms=18.2
2026-09-21T16:07:33-03:00 INFO request_id=req-normal-01393 method=GET path=/api/search status=200 duration_ms=19.2
2026-09-21T16:07:54-03:00 INFO request_id=req-normal-01394 method=POST path=/api/login status=200 duration_ms=3.2
2026-09-21T16:08:15-03:00 INFO request_id=req-normal-01395 method=GET path=/api/search status=200 duration_ms=4.2
2026-09-21T16:08:36-03:00 INFO request_id=req-normal-01396 method=GET path=/api/categories status=200 duration_ms=5.2
2026-09-21T16:08:57-03:00 INFO request_id=req-normal-01397 method=GET path=/api/documents/12 status=200 duration_ms=6.2
2026-09-21T16:09:18-03:00 INFO request_id=req-normal-01398 method=GET path=/api/search status=200 duration_ms=7.2
2026-09-21T16:09:39-03:00 INFO request_id=req-normal-01399 method=POST path=/api/login status=200 duration_ms=8.2
2026-09-21T16:10:00-03:00 INFO request_id=req-normal-01400 method=GET path=/api/search status=200 duration_ms=9.2
2026-09-21T16:10:21-03:00 INFO request_id=req-normal-01401 method=GET path=/api/categories status=200 duration_ms=10.2
2026-09-21T16:10:42-03:00 INFO request_id=req-normal-01402 method=GET path=/api/documents/12 status=200 duration_ms=11.2
2026-09-21T16:11:03-03:00 INFO request_id=req-normal-01403 method=GET path=/api/search status=200 duration_ms=12.2
2026-09-21T16:11:24-03:00 INFO request_id=req-normal-01404 method=POST path=/api/login status=200 duration_ms=13.2
2026-09-21T16:11:45-03:00 INFO request_id=req-normal-01405 method=GET path=/api/search status=200 duration_ms=14.2
2026-09-21T16:12:06-03:00 INFO request_id=req-normal-01406 method=GET path=/api/categories status=200 duration_ms=15.2
2026-09-21T16:12:27-03:00 INFO request_id=req-normal-01407 method=GET path=/api/documents/12 status=200 duration_ms=16.2
2026-09-21T16:12:48-03:00 INFO request_id=req-normal-01408 method=GET path=/api/search status=200 duration_ms=17.2
2026-09-21T16:13:09-03:00 INFO request_id=req-normal-01409 method=POST path=/api/login status=200 duration_ms=18.2
2026-09-21T16:13:30-03:00 INFO request_id=req-normal-01410 method=GET path=/api/search status=200 duration_ms=19.2
2026-09-21T16:13:51-03:00 INFO request_id=req-normal-01411 method=GET path=/api/categories status=200 duration_ms=3.2
2026-09-21T16:14:12-03:00 INFO request_id=req-normal-01412 method=GET path=/api/documents/12 status=200 duration_ms=4.2
2026-09-21T16:14:33-03:00 INFO request_id=req-normal-01413 method=GET path=/api/search status=200 duration_ms=5.2
2026-09-21T16:14:54-03:00 INFO request_id=req-normal-01414 method=POST path=/api/login status=200 duration_ms=6.2
2026-09-21T16:15:15-03:00 INFO request_id=req-normal-01415 method=GET path=/api/search status=200 duration_ms=7.2
2026-09-21T16:15:36-03:00 INFO request_id=req-normal-01416 method=GET path=/api/categories status=200 duration_ms=8.2
2026-09-21T16:15:57-03:00 INFO request_id=req-normal-01417 method=GET path=/api/documents/12 status=200 duration_ms=9.2
2026-09-21T16:16:18-03:00 INFO request_id=req-normal-01418 method=GET path=/api/search status=200 duration_ms=10.2
2026-09-21T16:16:39-03:00 INFO request_id=req-normal-01419 method=POST path=/api/login status=200 duration_ms=11.2
2026-09-21T16:17:00-03:00 INFO request_id=req-normal-01420 method=GET path=/api/search status=200 duration_ms=12.2
2026-09-21T16:17:21-03:00 INFO request_id=req-normal-01421 method=GET path=/api/categories status=200 duration_ms=13.2
2026-09-21T16:17:42-03:00 INFO request_id=req-normal-01422 method=GET path=/api/documents/12 status=200 duration_ms=14.2
2026-09-21T16:18:03-03:00 INFO request_id=req-normal-01423 method=GET path=/api/search status=200 duration_ms=15.2
2026-09-21T16:18:24-03:00 INFO request_id=req-normal-01424 method=POST path=/api/login status=200 duration_ms=16.2
2026-09-21T16:18:45-03:00 INFO request_id=req-normal-01425 method=GET path=/api/search status=200 duration_ms=17.2
2026-09-21T16:19:06-03:00 INFO request_id=req-normal-01426 method=GET path=/api/categories status=200 duration_ms=18.2
2026-09-21T16:19:27-03:00 INFO request_id=req-normal-01427 method=GET path=/api/documents/12 status=200 duration_ms=19.2
2026-09-21T16:19:48-03:00 INFO request_id=req-normal-01428 method=GET path=/api/search status=200 duration_ms=3.2
2026-09-21T16:20:09-03:00 INFO request_id=req-normal-01429 method=POST path=/api/login status=200 duration_ms=4.2
2026-09-21T16:20:30-03:00 INFO request_id=req-normal-01430 method=GET path=/api/search status=200 duration_ms=5.2
2026-09-21T16:20:51-03:00 INFO request_id=req-normal-01431 method=GET path=/api/categories status=200 duration_ms=6.2
2026-09-21T16:21:12-03:00 INFO request_id=req-normal-01432 method=GET path=/api/documents/12 status=200 duration_ms=7.2
2026-09-21T16:21:33-03:00 INFO request_id=req-normal-01433 method=GET path=/api/search status=200 duration_ms=8.2
2026-09-21T16:21:54-03:00 INFO request_id=req-normal-01434 method=POST path=/api/login status=200 duration_ms=9.2
2026-09-21T16:22:15-03:00 INFO request_id=req-normal-01435 method=GET path=/api/search status=200 duration_ms=10.2
2026-09-21T16:22:36-03:00 INFO request_id=req-normal-01436 method=GET path=/api/categories status=200 duration_ms=11.2
2026-09-21T16:22:57-03:00 INFO request_id=req-normal-01437 method=GET path=/api/documents/12 status=200 duration_ms=12.2
2026-09-21T16:23:18-03:00 INFO request_id=req-normal-01438 method=GET path=/api/search status=200 duration_ms=13.2
2026-09-21T16:23:39-03:00 INFO request_id=req-normal-01439 method=POST path=/api/login status=200 duration_ms=14.2
2026-09-21T16:24:00-03:00 INFO request_id=req-normal-01440 method=GET path=/api/search status=200 duration_ms=15.2
2026-09-21T16:24:21-03:00 INFO request_id=req-normal-01441 method=GET path=/api/categories status=200 duration_ms=16.2
2026-09-21T16:24:42-03:00 INFO request_id=req-normal-01442 method=GET path=/api/documents/12 status=200 duration_ms=17.2
2026-09-21T16:25:03-03:00 INFO request_id=req-normal-01443 method=GET path=/api/search status=200 duration_ms=18.2
2026-09-21T16:25:24-03:00 INFO request_id=req-normal-01444 method=POST path=/api/login status=200 duration_ms=19.2
2026-09-21T16:25:45-03:00 INFO request_id=req-normal-01445 method=GET path=/api/search status=200 duration_ms=3.2
2026-09-21T16:26:06-03:00 INFO request_id=req-normal-01446 method=GET path=/api/categories status=200 duration_ms=4.2
2026-09-21T16:26:27-03:00 INFO request_id=req-normal-01447 method=GET path=/api/documents/12 status=200 duration_ms=5.2
2026-09-21T16:26:48-03:00 INFO request_id=req-normal-01448 method=GET path=/api/search status=200 duration_ms=6.2
2026-09-21T16:27:09-03:00 INFO request_id=req-normal-01449 method=POST path=/api/login status=200 duration_ms=7.2
2026-09-21T16:27:30-03:00 INFO request_id=req-normal-01450 method=GET path=/api/search status=200 duration_ms=8.2
2026-09-21T16:27:51-03:00 INFO request_id=req-normal-01451 method=GET path=/api/categories status=200 duration_ms=9.2
2026-09-21T16:28:12-03:00 INFO request_id=req-normal-01452 method=GET path=/api/documents/12 status=200 duration_ms=10.2
2026-09-21T16:28:33-03:00 INFO request_id=req-normal-01453 method=GET path=/api/search status=200 duration_ms=11.2
2026-09-21T16:28:54-03:00 INFO request_id=req-normal-01454 method=POST path=/api/login status=200 duration_ms=12.2
2026-09-21T16:29:15-03:00 INFO request_id=req-normal-01455 method=GET path=/api/search status=200 duration_ms=13.2
2026-09-21T16:29:36-03:00 INFO request_id=req-normal-01456 method=GET path=/api/categories status=200 duration_ms=14.2
2026-09-21T16:29:57-03:00 INFO request_id=req-normal-01457 method=GET path=/api/documents/12 status=200 duration_ms=15.2
2026-09-21T16:30:18-03:00 INFO request_id=req-normal-01458 method=GET path=/api/search status=200 duration_ms=16.2
2026-09-21T16:30:39-03:00 INFO request_id=req-normal-01459 method=POST path=/api/login status=200 duration_ms=17.2
2026-09-21T16:31:00-03:00 INFO request_id=req-normal-01460 method=GET path=/api/search status=200 duration_ms=18.2
2026-09-21T16:31:21-03:00 INFO request_id=req-normal-01461 method=GET path=/api/categories status=200 duration_ms=19.2
2026-09-21T16:31:42-03:00 INFO request_id=req-normal-01462 method=GET path=/api/documents/12 status=200 duration_ms=3.2
2026-09-21T16:32:03-03:00 INFO request_id=req-normal-01463 method=GET path=/api/search status=200 duration_ms=4.2
2026-09-21T16:32:24-03:00 INFO request_id=req-normal-01464 method=POST path=/api/login status=200 duration_ms=5.2
2026-09-21T16:32:45-03:00 INFO request_id=req-normal-01465 method=GET path=/api/search status=200 duration_ms=6.2
2026-09-21T16:33:06-03:00 INFO request_id=req-normal-01466 method=GET path=/api/categories status=200 duration_ms=7.2
2026-09-21T16:33:27-03:00 INFO request_id=req-normal-01467 method=GET path=/api/documents/12 status=200 duration_ms=8.2
2026-09-21T16:33:48-03:00 INFO request_id=req-normal-01468 method=GET path=/api/search status=200 duration_ms=9.2
2026-09-21T16:34:09-03:00 INFO request_id=req-normal-01469 method=POST path=/api/login status=200 duration_ms=10.2
2026-09-21T16:34:30-03:00 INFO request_id=req-normal-01470 method=GET path=/api/search status=200 duration_ms=11.2
2026-09-21T16:34:51-03:00 INFO request_id=req-normal-01471 method=GET path=/api/categories status=200 duration_ms=12.2
2026-09-21T16:35:12-03:00 INFO request_id=req-normal-01472 method=GET path=/api/documents/12 status=200 duration_ms=13.2
2026-09-21T16:35:33-03:00 INFO request_id=req-normal-01473 method=GET path=/api/search status=200 duration_ms=14.2
2026-09-21T16:35:54-03:00 INFO request_id=req-normal-01474 method=POST path=/api/login status=200 duration_ms=15.2
2026-09-21T16:36:15-03:00 INFO request_id=req-normal-01475 method=GET path=/api/search status=200 duration_ms=16.2
2026-09-21T16:36:36-03:00 INFO request_id=req-normal-01476 method=GET path=/api/categories status=200 duration_ms=17.2
2026-09-21T16:36:57-03:00 INFO request_id=req-normal-01477 method=GET path=/api/documents/12 status=200 duration_ms=18.2
2026-09-21T16:37:18-03:00 INFO request_id=req-normal-01478 method=GET path=/api/search status=200 duration_ms=19.2
2026-09-21T16:37:39-03:00 INFO request_id=req-normal-01479 method=POST path=/api/login status=200 duration_ms=3.2
2026-09-21T16:38:00-03:00 INFO request_id=req-normal-01480 method=GET path=/api/search status=200 duration_ms=4.2
2026-09-21T16:38:21-03:00 INFO request_id=req-normal-01481 method=GET path=/api/categories status=200 duration_ms=5.2
2026-09-21T16:38:42-03:00 INFO request_id=req-normal-01482 method=GET path=/api/documents/12 status=200 duration_ms=6.2
2026-09-21T16:39:03-03:00 INFO request_id=req-normal-01483 method=GET path=/api/search status=200 duration_ms=7.2
2026-09-21T16:39:24-03:00 INFO request_id=req-normal-01484 method=POST path=/api/login status=200 duration_ms=8.2
2026-09-21T16:39:45-03:00 INFO request_id=req-normal-01485 method=GET path=/api/search status=200 duration_ms=9.2
2026-09-21T16:40:06-03:00 INFO request_id=req-normal-01486 method=GET path=/api/categories status=200 duration_ms=10.2
2026-09-21T16:40:27-03:00 INFO request_id=req-normal-01487 method=GET path=/api/documents/12 status=200 duration_ms=11.2
2026-09-21T16:40:48-03:00 INFO request_id=req-normal-01488 method=GET path=/api/search status=200 duration_ms=12.2
2026-09-21T16:41:09-03:00 INFO request_id=req-normal-01489 method=POST path=/api/login status=200 duration_ms=13.2
2026-09-21T16:41:30-03:00 INFO request_id=req-normal-01490 method=GET path=/api/search status=200 duration_ms=14.2
2026-09-21T16:41:51-03:00 INFO request_id=req-normal-01491 method=GET path=/api/categories status=200 duration_ms=15.2
2026-09-21T16:42:12-03:00 INFO request_id=req-normal-01492 method=GET path=/api/documents/12 status=200 duration_ms=16.2
2026-09-21T16:42:33-03:00 INFO request_id=req-normal-01493 method=GET path=/api/search status=200 duration_ms=17.2
2026-09-21T16:42:54-03:00 INFO request_id=req-normal-01494 method=POST path=/api/login status=200 duration_ms=18.2
2026-09-21T16:43:15-03:00 INFO request_id=req-normal-01495 method=GET path=/api/search status=200 duration_ms=19.2
2026-09-21T16:43:36-03:00 INFO request_id=req-normal-01496 method=GET path=/api/categories status=200 duration_ms=3.2
2026-09-21T16:43:57-03:00 INFO request_id=req-normal-01497 method=GET path=/api/documents/12 status=200 duration_ms=4.2
2026-09-21T16:44:18-03:00 INFO request_id=req-normal-01498 method=GET path=/api/search status=200 duration_ms=5.2
2026-09-21T16:44:39-03:00 INFO request_id=req-normal-01499 method=POST path=/api/login status=200 duration_ms=6.2
2026-09-21T16:45:00-03:00 INFO request_id=req-normal-01500 method=GET path=/api/search status=200 duration_ms=7.2
2026-09-21T16:45:21-03:00 INFO request_id=req-normal-01501 method=GET path=/api/categories status=200 duration_ms=8.2
2026-09-21T16:45:42-03:00 INFO request_id=req-normal-01502 method=GET path=/api/documents/12 status=200 duration_ms=9.2
2026-09-21T16:46:03-03:00 INFO request_id=req-normal-01503 method=GET path=/api/search status=200 duration_ms=10.2
2026-09-21T16:46:24-03:00 INFO request_id=req-normal-01504 method=POST path=/api/login status=200 duration_ms=11.2
2026-09-21T16:46:45-03:00 INFO request_id=req-normal-01505 method=GET path=/api/search status=200 duration_ms=12.2
2026-09-21T16:47:06-03:00 INFO request_id=req-normal-01506 method=GET path=/api/categories status=200 duration_ms=13.2
2026-09-21T16:47:27-03:00 INFO request_id=req-normal-01507 method=GET path=/api/documents/12 status=200 duration_ms=14.2
2026-09-21T16:47:48-03:00 INFO request_id=req-normal-01508 method=GET path=/api/search status=200 duration_ms=15.2
2026-09-21T16:48:09-03:00 INFO request_id=req-normal-01509 method=POST path=/api/login status=200 duration_ms=16.2
2026-09-21T16:48:30-03:00 INFO request_id=req-normal-01510 method=GET path=/api/search status=200 duration_ms=17.2
2026-09-21T16:48:51-03:00 INFO request_id=req-normal-01511 method=GET path=/api/categories status=200 duration_ms=18.2
2026-09-21T16:49:12-03:00 INFO request_id=req-normal-01512 method=GET path=/api/documents/12 status=200 duration_ms=19.2
2026-09-21T16:49:33-03:00 INFO request_id=req-normal-01513 method=GET path=/api/search status=200 duration_ms=3.2
2026-09-21T16:49:54-03:00 INFO request_id=req-normal-01514 method=POST path=/api/login status=200 duration_ms=4.2
2026-09-21T16:50:15-03:00 INFO request_id=req-normal-01515 method=GET path=/api/search status=200 duration_ms=5.2
2026-09-21T16:50:36-03:00 INFO request_id=req-normal-01516 method=GET path=/api/categories status=200 duration_ms=6.2
2026-09-21T16:50:57-03:00 INFO request_id=req-normal-01517 method=GET path=/api/documents/12 status=200 duration_ms=7.2
2026-09-21T16:51:18-03:00 INFO request_id=req-normal-01518 method=GET path=/api/search status=200 duration_ms=8.2
2026-09-21T16:51:39-03:00 INFO request_id=req-normal-01519 method=POST path=/api/login status=200 duration_ms=9.2
2026-09-21T16:52:00-03:00 INFO request_id=req-normal-01520 method=GET path=/api/search status=200 duration_ms=10.2
2026-09-21T16:52:21-03:00 INFO request_id=req-normal-01521 method=GET path=/api/categories status=200 duration_ms=11.2
2026-09-21T16:52:42-03:00 INFO request_id=req-normal-01522 method=GET path=/api/documents/12 status=200 duration_ms=12.2
2026-09-21T16:53:03-03:00 INFO request_id=req-normal-01523 method=GET path=/api/search status=200 duration_ms=13.2
2026-09-21T16:53:24-03:00 INFO request_id=req-normal-01524 method=POST path=/api/login status=200 duration_ms=14.2
2026-09-21T16:53:45-03:00 INFO request_id=req-normal-01525 method=GET path=/api/search status=200 duration_ms=15.2
2026-09-21T16:54:06-03:00 INFO request_id=req-normal-01526 method=GET path=/api/categories status=200 duration_ms=16.2
2026-09-21T16:54:27-03:00 INFO request_id=req-normal-01527 method=GET path=/api/documents/12 status=200 duration_ms=17.2
2026-09-21T16:54:48-03:00 INFO request_id=req-normal-01528 method=GET path=/api/search status=200 duration_ms=18.2
2026-09-21T16:55:09-03:00 INFO request_id=req-normal-01529 method=POST path=/api/login status=200 duration_ms=19.2
2026-09-21T16:55:30-03:00 INFO request_id=req-normal-01530 method=GET path=/api/search status=200 duration_ms=3.2
2026-09-21T16:55:51-03:00 INFO request_id=req-normal-01531 method=GET path=/api/categories status=200 duration_ms=4.2
2026-09-21T16:56:12-03:00 INFO request_id=req-normal-01532 method=GET path=/api/documents/12 status=200 duration_ms=5.2
2026-09-21T16:56:33-03:00 INFO request_id=req-normal-01533 method=GET path=/api/search status=200 duration_ms=6.2
2026-09-21T16:56:54-03:00 INFO request_id=req-normal-01534 method=POST path=/api/login status=200 duration_ms=7.2
2026-09-21T16:57:15-03:00 INFO request_id=req-normal-01535 method=GET path=/api/search status=200 duration_ms=8.2
2026-09-21T16:57:36-03:00 INFO request_id=req-normal-01536 method=GET path=/api/categories status=200 duration_ms=9.2
2026-09-21T16:57:57-03:00 INFO request_id=req-normal-01537 method=GET path=/api/documents/12 status=200 duration_ms=10.2
2026-09-21T16:58:18-03:00 INFO request_id=req-normal-01538 method=GET path=/api/search status=200 duration_ms=11.2
2026-09-21T16:58:39-03:00 INFO request_id=req-normal-01539 method=POST path=/api/login status=200 duration_ms=12.2
2026-09-21T16:59:00-03:00 INFO request_id=req-normal-01540 method=GET path=/api/search status=200 duration_ms=13.2
2026-09-21T16:59:21-03:00 INFO request_id=req-normal-01541 method=GET path=/api/categories status=200 duration_ms=14.2
2026-09-21T16:59:42-03:00 INFO request_id=req-normal-01542 method=GET path=/api/documents/12 status=200 duration_ms=15.2
2026-09-21T17:00:03-03:00 INFO request_id=req-normal-01543 method=GET path=/api/search status=200 duration_ms=16.2
2026-09-21T17:00:24-03:00 INFO request_id=req-normal-01544 method=POST path=/api/login status=200 duration_ms=17.2
2026-09-21T17:00:45-03:00 INFO request_id=req-normal-01545 method=GET path=/api/search status=200 duration_ms=18.2
2026-09-21T17:01:06-03:00 INFO request_id=req-normal-01546 method=GET path=/api/categories status=200 duration_ms=19.2
2026-09-21T17:01:27-03:00 INFO request_id=req-normal-01547 method=GET path=/api/documents/12 status=200 duration_ms=3.2
2026-09-21T17:01:48-03:00 INFO request_id=req-normal-01548 method=GET path=/api/search status=200 duration_ms=4.2
2026-09-21T17:02:09-03:00 INFO request_id=req-normal-01549 method=POST path=/api/login status=200 duration_ms=5.2
2026-09-21T17:02:30-03:00 INFO request_id=req-normal-01550 method=GET path=/api/search status=200 duration_ms=6.2
2026-09-21T17:02:51-03:00 INFO request_id=req-normal-01551 method=GET path=/api/categories status=200 duration_ms=7.2
2026-09-21T17:03:12-03:00 INFO request_id=req-normal-01552 method=GET path=/api/documents/12 status=200 duration_ms=8.2
2026-09-21T17:03:33-03:00 INFO request_id=req-normal-01553 method=GET path=/api/search status=200 duration_ms=9.2
2026-09-21T17:03:54-03:00 INFO request_id=req-normal-01554 method=POST path=/api/login status=200 duration_ms=10.2
2026-09-21T17:04:15-03:00 INFO request_id=req-normal-01555 method=GET path=/api/search status=200 duration_ms=11.2
2026-09-21T17:04:36-03:00 INFO request_id=req-normal-01556 method=GET path=/api/categories status=200 duration_ms=12.2
2026-09-21T17:04:57-03:00 INFO request_id=req-normal-01557 method=GET path=/api/documents/12 status=200 duration_ms=13.2
2026-09-21T17:05:18-03:00 INFO request_id=req-normal-01558 method=GET path=/api/search status=200 duration_ms=14.2
2026-09-21T17:05:39-03:00 INFO request_id=req-normal-01559 method=POST path=/api/login status=200 duration_ms=15.2
2026-09-21T17:06:00-03:00 INFO request_id=req-normal-01560 method=GET path=/api/search status=200 duration_ms=16.2
2026-09-21T17:06:21-03:00 INFO request_id=req-normal-01561 method=GET path=/api/categories status=200 duration_ms=17.2
2026-09-21T17:06:42-03:00 INFO request_id=req-normal-01562 method=GET path=/api/documents/12 status=200 duration_ms=18.2
2026-09-21T17:07:03-03:00 INFO request_id=req-normal-01563 method=GET path=/api/search status=200 duration_ms=19.2
2026-09-21T17:07:24-03:00 INFO request_id=req-normal-01564 method=POST path=/api/login status=200 duration_ms=3.2
2026-09-21T17:07:45-03:00 INFO request_id=req-normal-01565 method=GET path=/api/search status=200 duration_ms=4.2
2026-09-21T17:08:06-03:00 INFO request_id=req-normal-01566 method=GET path=/api/categories status=200 duration_ms=5.2
2026-09-21T17:08:27-03:00 INFO request_id=req-normal-01567 method=GET path=/api/documents/12 status=200 duration_ms=6.2
2026-09-21T17:08:48-03:00 INFO request_id=req-normal-01568 method=GET path=/api/search status=200 duration_ms=7.2
2026-09-21T17:09:09-03:00 INFO request_id=req-normal-01569 method=POST path=/api/login status=200 duration_ms=8.2
2026-09-21T17:09:30-03:00 INFO request_id=req-normal-01570 method=GET path=/api/search status=200 duration_ms=9.2
2026-09-21T17:09:51-03:00 INFO request_id=req-normal-01571 method=GET path=/api/categories status=200 duration_ms=10.2
2026-09-21T17:10:12-03:00 INFO request_id=req-normal-01572 method=GET path=/api/documents/12 status=200 duration_ms=11.2
2026-09-21T17:10:33-03:00 INFO request_id=req-normal-01573 method=GET path=/api/search status=200 duration_ms=12.2
2026-09-21T17:10:54-03:00 INFO request_id=req-normal-01574 method=POST path=/api/login status=200 duration_ms=13.2
2026-09-21T17:11:15-03:00 INFO request_id=req-normal-01575 method=GET path=/api/search status=200 duration_ms=14.2
2026-09-21T17:11:36-03:00 INFO request_id=req-normal-01576 method=GET path=/api/categories status=200 duration_ms=15.2
2026-09-21T17:11:57-03:00 INFO request_id=req-normal-01577 method=GET path=/api/documents/12 status=200 duration_ms=16.2
2026-09-21T17:12:18-03:00 INFO request_id=req-normal-01578 method=GET path=/api/search status=200 duration_ms=17.2
2026-09-21T17:12:39-03:00 INFO request_id=req-normal-01579 method=POST path=/api/login status=200 duration_ms=18.2
2026-09-21T17:13:00-03:00 INFO request_id=req-normal-01580 method=GET path=/api/search status=200 duration_ms=19.2
2026-09-21T17:13:21-03:00 INFO request_id=req-normal-01581 method=GET path=/api/categories status=200 duration_ms=3.2
2026-09-21T17:13:42-03:00 INFO request_id=req-normal-01582 method=GET path=/api/documents/12 status=200 duration_ms=4.2
2026-09-21T17:14:03-03:00 INFO request_id=req-normal-01583 method=GET path=/api/search status=200 duration_ms=5.2
2026-09-21T17:14:24-03:00 INFO request_id=req-normal-01584 method=POST path=/api/login status=200 duration_ms=6.2
2026-09-21T17:14:45-03:00 INFO request_id=req-normal-01585 method=GET path=/api/search status=200 duration_ms=7.2
2026-09-21T17:15:06-03:00 INFO request_id=req-normal-01586 method=GET path=/api/categories status=200 duration_ms=8.2
2026-09-21T17:15:27-03:00 INFO request_id=req-normal-01587 method=GET path=/api/documents/12 status=200 duration_ms=9.2
2026-09-21T17:15:48-03:00 INFO request_id=req-normal-01588 method=GET path=/api/search status=200 duration_ms=10.2
2026-09-21T17:16:09-03:00 INFO request_id=req-normal-01589 method=POST path=/api/login status=200 duration_ms=11.2
2026-09-21T17:16:30-03:00 INFO request_id=req-normal-01590 method=GET path=/api/search status=200 duration_ms=12.2
2026-09-21T17:16:51-03:00 INFO request_id=req-normal-01591 method=GET path=/api/categories status=200 duration_ms=13.2
2026-09-21T17:17:12-03:00 INFO request_id=req-normal-01592 method=GET path=/api/documents/12 status=200 duration_ms=14.2
2026-09-21T17:17:33-03:00 INFO request_id=req-normal-01593 method=GET path=/api/search status=200 duration_ms=15.2
2026-09-21T17:17:54-03:00 INFO request_id=req-normal-01594 method=POST path=/api/login status=200 duration_ms=16.2
2026-09-21T17:18:15-03:00 INFO request_id=req-normal-01595 method=GET path=/api/search status=200 duration_ms=17.2
2026-09-21T17:18:36-03:00 INFO request_id=req-normal-01596 method=GET path=/api/categories status=200 duration_ms=18.2
2026-09-21T17:18:57-03:00 INFO request_id=req-normal-01597 method=GET path=/api/documents/12 status=200 duration_ms=19.2
2026-09-21T17:19:18-03:00 INFO request_id=req-normal-01598 method=GET path=/api/search status=200 duration_ms=3.2
2026-09-21T17:19:39-03:00 INFO request_id=req-normal-01599 method=POST path=/api/login status=200 duration_ms=4.2
2026-09-21T17:20:00-03:00 INFO request_id=req-normal-01600 method=GET path=/api/search status=200 duration_ms=5.2
2026-09-21T17:20:21-03:00 INFO request_id=req-normal-01601 method=GET path=/api/categories status=200 duration_ms=6.2
2026-09-21T17:20:42-03:00 INFO request_id=req-normal-01602 method=GET path=/api/documents/12 status=200 duration_ms=7.2
2026-09-21T17:21:03-03:00 INFO request_id=req-normal-01603 method=GET path=/api/search status=200 duration_ms=8.2
2026-09-21T17:21:24-03:00 INFO request_id=req-normal-01604 method=POST path=/api/login status=200 duration_ms=9.2
2026-09-21T17:21:45-03:00 INFO request_id=req-normal-01605 method=GET path=/api/search status=200 duration_ms=10.2
2026-09-21T17:22:06-03:00 INFO request_id=req-normal-01606 method=GET path=/api/categories status=200 duration_ms=11.2
2026-09-21T17:22:27-03:00 INFO request_id=req-normal-01607 method=GET path=/api/documents/12 status=200 duration_ms=12.2
2026-09-21T17:22:48-03:00 INFO request_id=req-normal-01608 method=GET path=/api/search status=200 duration_ms=13.2
2026-09-21T17:23:09-03:00 INFO request_id=req-normal-01609 method=POST path=/api/login status=200 duration_ms=14.2
2026-09-21T17:23:30-03:00 INFO request_id=req-normal-01610 method=GET path=/api/search status=200 duration_ms=15.2
2026-09-21T17:23:51-03:00 INFO request_id=req-normal-01611 method=GET path=/api/categories status=200 duration_ms=16.2
2026-09-21T17:24:12-03:00 INFO request_id=req-normal-01612 method=GET path=/api/documents/12 status=200 duration_ms=17.2
2026-09-21T17:24:33-03:00 INFO request_id=req-normal-01613 method=GET path=/api/search status=200 duration_ms=18.2
2026-09-21T17:24:54-03:00 INFO request_id=req-normal-01614 method=POST path=/api/login status=200 duration_ms=19.2
2026-09-21T17:25:15-03:00 INFO request_id=req-normal-01615 method=GET path=/api/search status=200 duration_ms=3.2
2026-09-21T17:25:36-03:00 INFO request_id=req-normal-01616 method=GET path=/api/categories status=200 duration_ms=4.2
2026-09-21T17:25:57-03:00 INFO request_id=req-normal-01617 method=GET path=/api/documents/12 status=200 duration_ms=5.2
2026-09-21T17:26:18-03:00 INFO request_id=req-normal-01618 method=GET path=/api/search status=200 duration_ms=6.2
2026-09-21T17:26:39-03:00 INFO request_id=req-normal-01619 method=POST path=/api/login status=200 duration_ms=7.2
2026-09-21T17:27:00-03:00 INFO request_id=req-normal-01620 method=GET path=/api/search status=200 duration_ms=8.2
2026-09-21T17:27:21-03:00 INFO request_id=req-normal-01621 method=GET path=/api/categories status=200 duration_ms=9.2
2026-09-21T17:27:42-03:00 INFO request_id=req-normal-01622 method=GET path=/api/documents/12 status=200 duration_ms=10.2
2026-09-21T17:28:03-03:00 INFO request_id=req-normal-01623 method=GET path=/api/search status=200 duration_ms=11.2
2026-09-21T17:28:24-03:00 INFO request_id=req-normal-01624 method=POST path=/api/login status=200 duration_ms=12.2
2026-09-21T17:28:45-03:00 INFO request_id=req-normal-01625 method=GET path=/api/search status=200 duration_ms=13.2
2026-09-21T17:29:06-03:00 INFO request_id=req-normal-01626 method=GET path=/api/categories status=200 duration_ms=14.2
2026-09-21T17:29:27-03:00 INFO request_id=req-normal-01627 method=GET path=/api/documents/12 status=200 duration_ms=15.2
2026-09-21T17:29:48-03:00 INFO request_id=req-normal-01628 method=GET path=/api/search status=200 duration_ms=16.2
2026-09-21T17:30:09-03:00 INFO request_id=req-normal-01629 method=POST path=/api/login status=200 duration_ms=17.2
2026-09-21T17:30:30-03:00 INFO request_id=req-normal-01630 method=GET path=/api/search status=200 duration_ms=18.2
2026-09-21T17:30:51-03:00 INFO request_id=req-normal-01631 method=GET path=/api/categories status=200 duration_ms=19.2
2026-09-21T17:31:12-03:00 INFO request_id=req-normal-01632 method=GET path=/api/documents/12 status=200 duration_ms=3.2
2026-09-21T17:31:33-03:00 INFO request_id=req-normal-01633 method=GET path=/api/search status=200 duration_ms=4.2
2026-09-21T17:31:54-03:00 INFO request_id=req-normal-01634 method=POST path=/api/login status=200 duration_ms=5.2
2026-09-21T17:32:15-03:00 INFO request_id=req-normal-01635 method=GET path=/api/search status=200 duration_ms=6.2
2026-09-21T17:32:36-03:00 INFO request_id=req-normal-01636 method=GET path=/api/categories status=200 duration_ms=7.2
2026-09-21T17:32:57-03:00 INFO request_id=req-normal-01637 method=GET path=/api/documents/12 status=200 duration_ms=8.2
2026-09-21T17:33:18-03:00 INFO request_id=req-normal-01638 method=GET path=/api/search status=200 duration_ms=9.2
2026-09-21T17:33:39-03:00 INFO request_id=req-normal-01639 method=POST path=/api/login status=200 duration_ms=10.2
2026-09-21T17:34:00-03:00 INFO request_id=req-normal-01640 method=GET path=/api/search status=200 duration_ms=11.2
2026-09-21T17:34:21-03:00 INFO request_id=req-normal-01641 method=GET path=/api/categories status=200 duration_ms=12.2
2026-09-21T17:34:42-03:00 INFO request_id=req-normal-01642 method=GET path=/api/documents/12 status=200 duration_ms=13.2
2026-09-21T17:35:03-03:00 INFO request_id=req-normal-01643 method=GET path=/api/search status=200 duration_ms=14.2
2026-09-21T17:35:24-03:00 INFO request_id=req-normal-01644 method=POST path=/api/login status=200 duration_ms=15.2
2026-09-21T17:35:45-03:00 INFO request_id=req-normal-01645 method=GET path=/api/search status=200 duration_ms=16.2
2026-09-21T17:36:06-03:00 INFO request_id=req-normal-01646 method=GET path=/api/categories status=200 duration_ms=17.2
2026-09-21T17:36:27-03:00 INFO request_id=req-normal-01647 method=GET path=/api/documents/12 status=200 duration_ms=18.2
2026-09-21T17:36:48-03:00 INFO request_id=req-normal-01648 method=GET path=/api/search status=200 duration_ms=19.2
2026-09-21T17:37:09-03:00 INFO request_id=req-normal-01649 method=POST path=/api/login status=200 duration_ms=3.2
2026-09-21T17:37:30-03:00 INFO request_id=req-normal-01650 method=GET path=/api/search status=200 duration_ms=4.2
2026-09-21T17:37:51-03:00 INFO request_id=req-normal-01651 method=GET path=/api/categories status=200 duration_ms=5.2
2026-09-21T17:38:12-03:00 INFO request_id=req-normal-01652 method=GET path=/api/documents/12 status=200 duration_ms=6.2
2026-09-21T17:38:33-03:00 INFO request_id=req-normal-01653 method=GET path=/api/search status=200 duration_ms=7.2
2026-09-21T17:38:54-03:00 INFO request_id=req-normal-01654 method=POST path=/api/login status=200 duration_ms=8.2
2026-09-21T17:39:15-03:00 INFO request_id=req-normal-01655 method=GET path=/api/search status=200 duration_ms=9.2
2026-09-21T17:39:36-03:00 INFO request_id=req-normal-01656 method=GET path=/api/categories status=200 duration_ms=10.2
2026-09-21T17:39:57-03:00 INFO request_id=req-normal-01657 method=GET path=/api/documents/12 status=200 duration_ms=11.2
2026-09-21T17:40:18-03:00 INFO request_id=req-normal-01658 method=GET path=/api/search status=200 duration_ms=12.2
2026-09-21T17:40:39-03:00 INFO request_id=req-normal-01659 method=POST path=/api/login status=200 duration_ms=13.2
2026-09-21T17:41:00-03:00 INFO request_id=req-normal-01660 method=GET path=/api/search status=200 duration_ms=14.2
2026-09-21T17:41:21-03:00 INFO request_id=req-normal-01661 method=GET path=/api/categories status=200 duration_ms=15.2
2026-09-21T17:41:42-03:00 INFO request_id=req-normal-01662 method=GET path=/api/documents/12 status=200 duration_ms=16.2
2026-09-21T17:42:03-03:00 INFO request_id=req-normal-01663 method=GET path=/api/search status=200 duration_ms=17.2
2026-09-21T17:42:24-03:00 INFO request_id=req-normal-01664 method=POST path=/api/login status=200 duration_ms=18.2
2026-09-21T17:42:45-03:00 INFO request_id=req-normal-01665 method=GET path=/api/search status=200 duration_ms=19.2
2026-09-21T17:43:06-03:00 INFO request_id=req-normal-01666 method=GET path=/api/categories status=200 duration_ms=3.2
2026-09-21T17:43:27-03:00 INFO request_id=req-normal-01667 method=GET path=/api/documents/12 status=200 duration_ms=4.2
2026-09-21T17:43:48-03:00 INFO request_id=req-normal-01668 method=GET path=/api/search status=200 duration_ms=5.2
2026-09-21T17:44:09-03:00 INFO request_id=req-normal-01669 method=POST path=/api/login status=200 duration_ms=6.2
2026-09-21T17:44:30-03:00 INFO request_id=req-normal-01670 method=GET path=/api/search status=200 duration_ms=7.2
2026-09-21T17:44:51-03:00 INFO request_id=req-normal-01671 method=GET path=/api/categories status=200 duration_ms=8.2
2026-09-21T17:45:12-03:00 INFO request_id=req-normal-01672 method=GET path=/api/documents/12 status=200 duration_ms=9.2
2026-09-21T17:45:33-03:00 INFO request_id=req-normal-01673 method=GET path=/api/search status=200 duration_ms=10.2
2026-09-21T17:45:54-03:00 INFO request_id=req-normal-01674 method=POST path=/api/login status=200 duration_ms=11.2
2026-09-21T17:46:15-03:00 INFO request_id=req-normal-01675 method=GET path=/api/search status=200 duration_ms=12.2
2026-09-21T17:46:36-03:00 INFO request_id=req-normal-01676 method=GET path=/api/categories status=200 duration_ms=13.2
2026-09-21T17:46:57-03:00 INFO request_id=req-normal-01677 method=GET path=/api/documents/12 status=200 duration_ms=14.2
2026-09-21T17:47:18-03:00 INFO request_id=req-normal-01678 method=GET path=/api/search status=200 duration_ms=15.2
2026-09-21T17:47:39-03:00 INFO request_id=req-normal-01679 method=POST path=/api/login status=200 duration_ms=16.2
2026-09-21T17:48:00-03:00 INFO request_id=req-normal-01680 method=GET path=/api/search status=200 duration_ms=17.2
2026-09-21T17:48:21-03:00 INFO request_id=req-normal-01681 method=GET path=/api/categories status=200 duration_ms=18.2
2026-09-21T17:48:42-03:00 INFO request_id=req-normal-01682 method=GET path=/api/documents/12 status=200 duration_ms=19.2
2026-09-21T17:49:03-03:00 INFO request_id=req-normal-01683 method=GET path=/api/search status=200 duration_ms=3.2
2026-09-21T17:49:24-03:00 INFO request_id=req-normal-01684 method=POST path=/api/login status=200 duration_ms=4.2
2026-09-21T17:49:45-03:00 INFO request_id=req-normal-01685 method=GET path=/api/search status=200 duration_ms=5.2
2026-09-21T17:50:06-03:00 INFO request_id=req-normal-01686 method=GET path=/api/categories status=200 duration_ms=6.2
2026-09-21T17:50:27-03:00 INFO request_id=req-normal-01687 method=GET path=/api/documents/12 status=200 duration_ms=7.2
2026-09-21T17:50:48-03:00 INFO request_id=req-normal-01688 method=GET path=/api/search status=200 duration_ms=8.2
2026-09-21T17:51:09-03:00 INFO request_id=req-normal-01689 method=POST path=/api/login status=200 duration_ms=9.2
2026-09-21T17:51:30-03:00 INFO request_id=req-normal-01690 method=GET path=/api/search status=200 duration_ms=10.2
2026-09-21T17:51:51-03:00 INFO request_id=req-normal-01691 method=GET path=/api/categories status=200 duration_ms=11.2
2026-09-21T17:52:12-03:00 INFO request_id=req-normal-01692 method=GET path=/api/documents/12 status=200 duration_ms=12.2
2026-09-21T17:52:33-03:00 INFO request_id=req-normal-01693 method=GET path=/api/search status=200 duration_ms=13.2
2026-09-21T17:52:54-03:00 INFO request_id=req-normal-01694 method=POST path=/api/login status=200 duration_ms=14.2
2026-09-21T17:53:15-03:00 INFO request_id=req-normal-01695 method=GET path=/api/search status=200 duration_ms=15.2
2026-09-21T17:53:36-03:00 INFO request_id=req-normal-01696 method=GET path=/api/categories status=200 duration_ms=16.2
2026-09-21T17:53:57-03:00 INFO request_id=req-normal-01697 method=GET path=/api/documents/12 status=200 duration_ms=17.2
2026-09-21T17:54:18-03:00 INFO request_id=req-normal-01698 method=GET path=/api/search status=200 duration_ms=18.2
2026-09-21T17:54:39-03:00 INFO request_id=req-normal-01699 method=POST path=/api/login status=200 duration_ms=19.2
2026-09-21T17:55:00-03:00 INFO request_id=req-normal-01700 method=GET path=/api/search status=200 duration_ms=3.2
2026-09-21T17:55:21-03:00 INFO request_id=req-normal-01701 method=GET path=/api/categories status=200 duration_ms=4.2
2026-09-21T17:55:42-03:00 INFO request_id=req-normal-01702 method=GET path=/api/documents/12 status=200 duration_ms=5.2
2026-09-21T17:56:03-03:00 INFO request_id=req-normal-01703 method=GET path=/api/search status=200 duration_ms=6.2
2026-09-21T17:56:24-03:00 INFO request_id=req-normal-01704 method=POST path=/api/login status=200 duration_ms=7.2
2026-09-21T17:56:45-03:00 INFO request_id=req-normal-01705 method=GET path=/api/search status=200 duration_ms=8.2
2026-09-21T17:57:06-03:00 INFO request_id=req-normal-01706 method=GET path=/api/categories status=200 duration_ms=9.2
2026-09-21T17:57:27-03:00 INFO request_id=req-normal-01707 method=GET path=/api/documents/12 status=200 duration_ms=10.2
2026-09-21T17:57:48-03:00 INFO request_id=req-normal-01708 method=GET path=/api/search status=200 duration_ms=11.2
2026-09-21T17:58:09-03:00 INFO request_id=req-normal-01709 method=POST path=/api/login status=200 duration_ms=12.2
2026-09-21T17:58:30-03:00 INFO request_id=req-normal-01710 method=GET path=/api/search status=200 duration_ms=13.2
2026-09-21T17:58:51-03:00 INFO request_id=req-normal-01711 method=GET path=/api/categories status=200 duration_ms=14.2
2026-09-21T17:59:12-03:00 INFO request_id=req-normal-01712 method=GET path=/api/documents/12 status=200 duration_ms=15.2
2026-09-21T17:59:33-03:00 INFO request_id=req-normal-01713 method=GET path=/api/search status=200 duration_ms=16.2
2026-09-21T17:59:54-03:00 INFO request_id=req-normal-01714 method=POST path=/api/login status=200 duration_ms=17.2
2026-09-21T18:00:15-03:00 INFO request_id=req-normal-01715 method=GET path=/api/search status=200 duration_ms=18.2
2026-09-21T18:00:36-03:00 INFO request_id=req-normal-01716 method=GET path=/api/categories status=200 duration_ms=19.2
2026-09-21T18:00:57-03:00 INFO request_id=req-normal-01717 method=GET path=/api/documents/12 status=200 duration_ms=3.2
2026-09-21T18:01:18-03:00 INFO request_id=req-normal-01718 method=GET path=/api/search status=200 duration_ms=4.2
2026-09-21T18:01:39-03:00 INFO request_id=req-normal-01719 method=POST path=/api/login status=200 duration_ms=5.2
2026-09-21T18:02:00-03:00 INFO request_id=req-normal-01720 method=GET path=/api/search status=200 duration_ms=6.2
2026-09-21T18:02:21-03:00 INFO request_id=req-normal-01721 method=GET path=/api/categories status=200 duration_ms=7.2
2026-09-21T18:02:42-03:00 INFO request_id=req-normal-01722 method=GET path=/api/documents/12 status=200 duration_ms=8.2
2026-09-21T18:03:03-03:00 INFO request_id=req-normal-01723 method=GET path=/api/search status=200 duration_ms=9.2
2026-09-21T18:03:24-03:00 INFO request_id=req-normal-01724 method=POST path=/api/login status=200 duration_ms=10.2
2026-09-21T18:03:45-03:00 INFO request_id=req-normal-01725 method=GET path=/api/search status=200 duration_ms=11.2
2026-09-21T18:04:06-03:00 INFO request_id=req-normal-01726 method=GET path=/api/categories status=200 duration_ms=12.2
2026-09-21T18:04:27-03:00 INFO request_id=req-normal-01727 method=GET path=/api/documents/12 status=200 duration_ms=13.2
2026-09-21T18:04:48-03:00 INFO request_id=req-normal-01728 method=GET path=/api/search status=200 duration_ms=14.2
2026-09-21T18:05:09-03:00 INFO request_id=req-normal-01729 method=POST path=/api/login status=200 duration_ms=15.2
2026-09-21T18:05:30-03:00 INFO request_id=req-normal-01730 method=GET path=/api/search status=200 duration_ms=16.2
2026-09-21T18:05:51-03:00 INFO request_id=req-normal-01731 method=GET path=/api/categories status=200 duration_ms=17.2
2026-09-21T18:06:12-03:00 INFO request_id=req-normal-01732 method=GET path=/api/documents/12 status=200 duration_ms=18.2
2026-09-21T18:06:33-03:00 INFO request_id=req-normal-01733 method=GET path=/api/search status=200 duration_ms=19.2
2026-09-21T18:06:54-03:00 INFO request_id=req-normal-01734 method=POST path=/api/login status=200 duration_ms=3.2
2026-09-21T18:07:15-03:00 INFO request_id=req-normal-01735 method=GET path=/api/search status=200 duration_ms=4.2
2026-09-21T18:07:36-03:00 INFO request_id=req-normal-01736 method=GET path=/api/categories status=200 duration_ms=5.2
2026-09-21T18:07:57-03:00 INFO request_id=req-normal-01737 method=GET path=/api/documents/12 status=200 duration_ms=6.2
2026-09-21T18:08:18-03:00 INFO request_id=req-normal-01738 method=GET path=/api/search status=200 duration_ms=7.2
2026-09-21T18:08:39-03:00 INFO request_id=req-normal-01739 method=POST path=/api/login status=200 duration_ms=8.2
2026-09-21T18:09:00-03:00 INFO request_id=req-normal-01740 method=GET path=/api/search status=200 duration_ms=9.2
2026-09-21T18:09:21-03:00 INFO request_id=req-normal-01741 method=GET path=/api/categories status=200 duration_ms=10.2
2026-09-21T18:09:42-03:00 INFO request_id=req-normal-01742 method=GET path=/api/documents/12 status=200 duration_ms=11.2
2026-09-21T18:10:03-03:00 INFO request_id=req-normal-01743 method=GET path=/api/search status=200 duration_ms=12.2
2026-09-21T18:10:24-03:00 INFO request_id=req-normal-01744 method=POST path=/api/login status=200 duration_ms=13.2
2026-09-21T18:10:45-03:00 INFO request_id=req-normal-01745 method=GET path=/api/search status=200 duration_ms=14.2
2026-09-21T18:11:06-03:00 INFO request_id=req-normal-01746 method=GET path=/api/categories status=200 duration_ms=15.2
2026-09-21T18:11:27-03:00 INFO request_id=req-normal-01747 method=GET path=/api/documents/12 status=200 duration_ms=16.2
2026-09-21T18:11:48-03:00 INFO request_id=req-normal-01748 method=GET path=/api/search status=200 duration_ms=17.2
2026-09-21T18:12:09-03:00 INFO request_id=req-normal-01749 method=POST path=/api/login status=200 duration_ms=18.2
2026-09-21T18:12:30-03:00 INFO request_id=req-normal-01750 method=GET path=/api/search status=200 duration_ms=19.2
2026-09-21T18:12:51-03:00 INFO request_id=req-normal-01751 method=GET path=/api/categories status=200 duration_ms=3.2
2026-09-21T18:13:12-03:00 INFO request_id=req-normal-01752 method=GET path=/api/documents/12 status=200 duration_ms=4.2
2026-09-21T18:13:33-03:00 INFO request_id=req-normal-01753 method=GET path=/api/search status=200 duration_ms=5.2
2026-09-21T18:13:54-03:00 INFO request_id=req-normal-01754 method=POST path=/api/login status=200 duration_ms=6.2
2026-09-21T18:14:15-03:00 INFO request_id=req-normal-01755 method=GET path=/api/search status=200 duration_ms=7.2
2026-09-21T18:14:36-03:00 INFO request_id=req-normal-01756 method=GET path=/api/categories status=200 duration_ms=8.2
2026-09-21T18:14:57-03:00 INFO request_id=req-normal-01757 method=GET path=/api/documents/12 status=200 duration_ms=9.2
2026-09-21T18:15:18-03:00 INFO request_id=req-normal-01758 method=GET path=/api/search status=200 duration_ms=10.2
2026-09-21T18:15:39-03:00 INFO request_id=req-normal-01759 method=POST path=/api/login status=200 duration_ms=11.2
2026-09-21T18:16:00-03:00 INFO request_id=req-normal-01760 method=GET path=/api/search status=200 duration_ms=12.2
2026-09-21T18:16:21-03:00 INFO request_id=req-normal-01761 method=GET path=/api/categories status=200 duration_ms=13.2
2026-09-21T18:16:42-03:00 INFO request_id=req-normal-01762 method=GET path=/api/documents/12 status=200 duration_ms=14.2
2026-09-21T18:17:03-03:00 INFO request_id=req-normal-01763 method=GET path=/api/search status=200 duration_ms=15.2
2026-09-21T18:17:24-03:00 INFO request_id=req-normal-01764 method=POST path=/api/login status=200 duration_ms=16.2
2026-09-21T18:17:45-03:00 INFO request_id=req-normal-01765 method=GET path=/api/search status=200 duration_ms=17.2
2026-09-21T18:18:06-03:00 INFO request_id=req-normal-01766 method=GET path=/api/categories status=200 duration_ms=18.2
2026-09-21T18:18:27-03:00 INFO request_id=req-normal-01767 method=GET path=/api/documents/12 status=200 duration_ms=19.2
2026-09-21T18:18:48-03:00 INFO request_id=req-normal-01768 method=GET path=/api/search status=200 duration_ms=3.2
2026-09-21T18:19:09-03:00 INFO request_id=req-normal-01769 method=POST path=/api/login status=200 duration_ms=4.2
2026-09-21T18:19:30-03:00 INFO request_id=req-normal-01770 method=GET path=/api/search status=200 duration_ms=5.2
2026-09-21T18:19:51-03:00 INFO request_id=req-normal-01771 method=GET path=/api/categories status=200 duration_ms=6.2
2026-09-21T18:20:12-03:00 INFO request_id=req-normal-01772 method=GET path=/api/documents/12 status=200 duration_ms=7.2
2026-09-21T18:20:33-03:00 INFO request_id=req-normal-01773 method=GET path=/api/search status=200 duration_ms=8.2
2026-09-21T18:20:54-03:00 INFO request_id=req-normal-01774 method=POST path=/api/login status=200 duration_ms=9.2
2026-09-21T18:21:15-03:00 INFO request_id=req-normal-01775 method=GET path=/api/search status=200 duration_ms=10.2
2026-09-21T18:21:36-03:00 INFO request_id=req-normal-01776 method=GET path=/api/categories status=200 duration_ms=11.2
2026-09-21T18:21:57-03:00 INFO request_id=req-normal-01777 method=GET path=/api/documents/12 status=200 duration_ms=12.2
2026-09-21T18:22:18-03:00 INFO request_id=req-normal-01778 method=GET path=/api/search status=200 duration_ms=13.2
2026-09-21T18:22:39-03:00 INFO request_id=req-normal-01779 method=POST path=/api/login status=200 duration_ms=14.2
2026-09-21T18:23:00-03:00 INFO request_id=req-normal-01780 method=GET path=/api/search status=200 duration_ms=15.2
2026-09-21T18:23:21-03:00 INFO request_id=req-normal-01781 method=GET path=/api/categories status=200 duration_ms=16.2
2026-09-21T18:23:42-03:00 INFO request_id=req-normal-01782 method=GET path=/api/documents/12 status=200 duration_ms=17.2
2026-09-21T18:24:03-03:00 INFO request_id=req-normal-01783 method=GET path=/api/search status=200 duration_ms=18.2
2026-09-21T18:24:24-03:00 INFO request_id=req-normal-01784 method=POST path=/api/login status=200 duration_ms=19.2
2026-09-21T18:24:45-03:00 INFO request_id=req-normal-01785 method=GET path=/api/search status=200 duration_ms=3.2
2026-09-21T18:25:06-03:00 INFO request_id=req-normal-01786 method=GET path=/api/categories status=200 duration_ms=4.2
2026-09-21T18:25:27-03:00 INFO request_id=req-normal-01787 method=GET path=/api/documents/12 status=200 duration_ms=5.2
2026-09-21T18:25:48-03:00 INFO request_id=req-normal-01788 method=GET path=/api/search status=200 duration_ms=6.2
2026-09-21T18:26:09-03:00 INFO request_id=req-normal-01789 method=POST path=/api/login status=200 duration_ms=7.2
2026-09-21T18:26:30-03:00 INFO request_id=req-normal-01790 method=GET path=/api/search status=200 duration_ms=8.2
2026-09-21T18:26:51-03:00 INFO request_id=req-normal-01791 method=GET path=/api/categories status=200 duration_ms=9.2
2026-09-21T18:27:12-03:00 INFO request_id=req-normal-01792 method=GET path=/api/documents/12 status=200 duration_ms=10.2
2026-09-21T18:27:33-03:00 INFO request_id=req-normal-01793 method=GET path=/api/search status=200 duration_ms=11.2
2026-09-21T18:27:54-03:00 INFO request_id=req-normal-01794 method=POST path=/api/login status=200 duration_ms=12.2
2026-09-21T18:28:15-03:00 INFO request_id=req-normal-01795 method=GET path=/api/search status=200 duration_ms=13.2
2026-09-21T18:28:36-03:00 INFO request_id=req-normal-01796 method=GET path=/api/categories status=200 duration_ms=14.2
2026-09-21T18:28:57-03:00 INFO request_id=req-normal-01797 method=GET path=/api/documents/12 status=200 duration_ms=15.2
2026-09-21T18:29:18-03:00 INFO request_id=req-normal-01798 method=GET path=/api/search status=200 duration_ms=16.2
2026-09-21T18:29:39-03:00 INFO request_id=req-normal-01799 method=POST path=/api/login status=200 duration_ms=17.2
2026-09-21T18:30:00-03:00 INFO request_id=req-normal-01800 method=GET path=/api/search status=200 duration_ms=18.2
2026-09-21T18:30:21-03:00 INFO request_id=req-normal-01801 method=GET path=/api/categories status=200 duration_ms=19.2
2026-09-21T18:30:42-03:00 INFO request_id=req-normal-01802 method=GET path=/api/documents/12 status=200 duration_ms=3.2
2026-09-21T18:31:03-03:00 INFO request_id=req-normal-01803 method=GET path=/api/search status=200 duration_ms=4.2
2026-09-21T18:31:24-03:00 INFO request_id=req-normal-01804 method=POST path=/api/login status=200 duration_ms=5.2
2026-09-21T18:31:45-03:00 INFO request_id=req-normal-01805 method=GET path=/api/search status=200 duration_ms=6.2
2026-09-21T18:32:06-03:00 INFO request_id=req-normal-01806 method=GET path=/api/categories status=200 duration_ms=7.2
2026-09-21T18:32:27-03:00 INFO request_id=req-normal-01807 method=GET path=/api/documents/12 status=200 duration_ms=8.2
2026-09-21T18:32:48-03:00 INFO request_id=req-normal-01808 method=GET path=/api/search status=200 duration_ms=9.2
2026-09-21T18:33:09-03:00 INFO request_id=req-normal-01809 method=POST path=/api/login status=200 duration_ms=10.2
2026-09-21T18:33:30-03:00 INFO request_id=req-normal-01810 method=GET path=/api/search status=200 duration_ms=11.2
2026-09-21T18:33:51-03:00 INFO request_id=req-normal-01811 method=GET path=/api/categories status=200 duration_ms=12.2
2026-09-21T18:34:12-03:00 INFO request_id=req-normal-01812 method=GET path=/api/documents/12 status=200 duration_ms=13.2
2026-09-21T18:34:33-03:00 INFO request_id=req-normal-01813 method=GET path=/api/search status=200 duration_ms=14.2
2026-09-21T18:34:54-03:00 INFO request_id=req-normal-01814 method=POST path=/api/login status=200 duration_ms=15.2
2026-09-21T18:35:15-03:00 INFO request_id=req-normal-01815 method=GET path=/api/search status=200 duration_ms=16.2
2026-09-21T18:35:36-03:00 INFO request_id=req-normal-01816 method=GET path=/api/categories status=200 duration_ms=17.2
2026-09-21T18:35:57-03:00 INFO request_id=req-normal-01817 method=GET path=/api/documents/12 status=200 duration_ms=18.2
2026-09-21T18:36:18-03:00 INFO request_id=req-normal-01818 method=GET path=/api/search status=200 duration_ms=19.2
2026-09-21T18:36:39-03:00 INFO request_id=req-normal-01819 method=POST path=/api/login status=200 duration_ms=3.2
2026-09-21T18:37:00-03:00 INFO request_id=req-normal-01820 method=GET path=/api/search status=200 duration_ms=4.2
2026-09-21T18:37:21-03:00 INFO request_id=req-normal-01821 method=GET path=/api/categories status=200 duration_ms=5.2
2026-09-21T18:37:42-03:00 INFO request_id=req-normal-01822 method=GET path=/api/documents/12 status=200 duration_ms=6.2
2026-09-21T18:38:03-03:00 INFO request_id=req-normal-01823 method=GET path=/api/search status=200 duration_ms=7.2
2026-09-21T18:38:24-03:00 INFO request_id=req-normal-01824 method=POST path=/api/login status=200 duration_ms=8.2
2026-09-21T18:38:45-03:00 INFO request_id=req-normal-01825 method=GET path=/api/search status=200 duration_ms=9.2
2026-09-21T18:39:06-03:00 INFO request_id=req-normal-01826 method=GET path=/api/categories status=200 duration_ms=10.2
2026-09-21T18:39:27-03:00 INFO request_id=req-normal-01827 method=GET path=/api/documents/12 status=200 duration_ms=11.2
2026-09-21T18:39:48-03:00 INFO request_id=req-normal-01828 method=GET path=/api/search status=200 duration_ms=12.2
2026-09-21T18:40:09-03:00 INFO request_id=req-normal-01829 method=POST path=/api/login status=200 duration_ms=13.2
2026-09-21T18:40:30-03:00 INFO request_id=req-normal-01830 method=GET path=/api/search status=200 duration_ms=14.2
2026-09-21T18:40:51-03:00 INFO request_id=req-normal-01831 method=GET path=/api/categories status=200 duration_ms=15.2
2026-09-21T18:41:12-03:00 INFO request_id=req-normal-01832 method=GET path=/api/documents/12 status=200 duration_ms=16.2
2026-09-21T18:41:33-03:00 INFO request_id=req-normal-01833 method=GET path=/api/search status=200 duration_ms=17.2
2026-09-21T18:41:54-03:00 INFO request_id=req-normal-01834 method=POST path=/api/login status=200 duration_ms=18.2
2026-09-21T18:42:15-03:00 INFO request_id=req-normal-01835 method=GET path=/api/search status=200 duration_ms=19.2
2026-09-21T18:42:36-03:00 INFO request_id=req-normal-01836 method=GET path=/api/categories status=200 duration_ms=3.2
2026-09-21T18:42:57-03:00 INFO request_id=req-normal-01837 method=GET path=/api/documents/12 status=200 duration_ms=4.2
2026-09-21T18:43:18-03:00 INFO request_id=req-normal-01838 method=GET path=/api/search status=200 duration_ms=5.2
2026-09-21T18:43:39-03:00 INFO request_id=req-normal-01839 method=POST path=/api/login status=200 duration_ms=6.2
2026-09-21T18:44:00-03:00 INFO request_id=req-normal-01840 method=GET path=/api/search status=200 duration_ms=7.2
2026-09-21T18:44:21-03:00 INFO request_id=req-normal-01841 method=GET path=/api/categories status=200 duration_ms=8.2
2026-09-21T18:44:42-03:00 INFO request_id=req-normal-01842 method=GET path=/api/documents/12 status=200 duration_ms=9.2
2026-09-21T18:45:03-03:00 INFO request_id=req-normal-01843 method=GET path=/api/search status=200 duration_ms=10.2
2026-09-21T18:45:24-03:00 INFO request_id=req-normal-01844 method=POST path=/api/login status=200 duration_ms=11.2
2026-09-21T18:45:45-03:00 INFO request_id=req-normal-01845 method=GET path=/api/search status=200 duration_ms=12.2
2026-09-21T18:46:06-03:00 INFO request_id=req-normal-01846 method=GET path=/api/categories status=200 duration_ms=13.2
2026-09-21T18:46:27-03:00 INFO request_id=req-normal-01847 method=GET path=/api/documents/12 status=200 duration_ms=14.2
2026-09-21T18:46:48-03:00 INFO request_id=req-normal-01848 method=GET path=/api/search status=200 duration_ms=15.2
2026-09-21T18:47:09-03:00 INFO request_id=req-normal-01849 method=POST path=/api/login status=200 duration_ms=16.2
2026-09-21T18:47:30-03:00 INFO request_id=req-normal-01850 method=GET path=/api/search status=200 duration_ms=17.2
2026-09-21T18:47:51-03:00 INFO request_id=req-normal-01851 method=GET path=/api/categories status=200 duration_ms=18.2
2026-09-21T18:48:12-03:00 INFO request_id=req-normal-01852 method=GET path=/api/documents/12 status=200 duration_ms=19.2
2026-09-21T18:48:33-03:00 INFO request_id=req-normal-01853 method=GET path=/api/search status=200 duration_ms=3.2
2026-09-21T18:48:54-03:00 INFO request_id=req-normal-01854 method=POST path=/api/login status=200 duration_ms=4.2
2026-09-21T18:49:15-03:00 INFO request_id=req-normal-01855 method=GET path=/api/search status=200 duration_ms=5.2
2026-09-21T18:49:36-03:00 INFO request_id=req-normal-01856 method=GET path=/api/categories status=200 duration_ms=6.2
2026-09-21T18:49:57-03:00 INFO request_id=req-normal-01857 method=GET path=/api/documents/12 status=200 duration_ms=7.2
2026-09-21T18:50:18-03:00 INFO request_id=req-normal-01858 method=GET path=/api/search status=200 duration_ms=8.2
2026-09-21T18:50:39-03:00 INFO request_id=req-normal-01859 method=POST path=/api/login status=200 duration_ms=9.2
2026-09-21T18:51:00-03:00 INFO request_id=req-normal-01860 method=GET path=/api/search status=200 duration_ms=10.2
2026-09-21T18:51:21-03:00 INFO request_id=req-normal-01861 method=GET path=/api/categories status=200 duration_ms=11.2
2026-09-21T18:51:42-03:00 INFO request_id=req-normal-01862 method=GET path=/api/documents/12 status=200 duration_ms=12.2
2026-09-21T18:52:03-03:00 INFO request_id=req-normal-01863 method=GET path=/api/search status=200 duration_ms=13.2
2026-09-21T18:52:24-03:00 INFO request_id=req-normal-01864 method=POST path=/api/login status=200 duration_ms=14.2
2026-09-21T18:52:45-03:00 INFO request_id=req-normal-01865 method=GET path=/api/search status=200 duration_ms=15.2
2026-09-21T18:53:06-03:00 INFO request_id=req-normal-01866 method=GET path=/api/categories status=200 duration_ms=16.2
2026-09-21T18:53:27-03:00 INFO request_id=req-normal-01867 method=GET path=/api/documents/12 status=200 duration_ms=17.2
2026-09-21T18:53:48-03:00 INFO request_id=req-normal-01868 method=GET path=/api/search status=200 duration_ms=18.2
2026-09-21T18:54:09-03:00 INFO request_id=req-normal-01869 method=POST path=/api/login status=200 duration_ms=19.2
2026-09-21T18:54:30-03:00 INFO request_id=req-normal-01870 method=GET path=/api/search status=200 duration_ms=3.2
2026-09-21T18:54:51-03:00 INFO request_id=req-normal-01871 method=GET path=/api/categories status=200 duration_ms=4.2
2026-09-21T18:55:12-03:00 INFO request_id=req-normal-01872 method=GET path=/api/documents/12 status=200 duration_ms=5.2
2026-09-21T18:55:33-03:00 INFO request_id=req-normal-01873 method=GET path=/api/search status=200 duration_ms=6.2
2026-09-21T18:55:54-03:00 INFO request_id=req-normal-01874 method=POST path=/api/login status=200 duration_ms=7.2
2026-09-21T18:56:15-03:00 INFO request_id=req-normal-01875 method=GET path=/api/search status=200 duration_ms=8.2
2026-09-21T18:56:36-03:00 INFO request_id=req-normal-01876 method=GET path=/api/categories status=200 duration_ms=9.2
2026-09-21T18:56:57-03:00 INFO request_id=req-normal-01877 method=GET path=/api/documents/12 status=200 duration_ms=10.2
2026-09-21T18:57:18-03:00 INFO request_id=req-normal-01878 method=GET path=/api/search status=200 duration_ms=11.2
2026-09-21T18:57:39-03:00 INFO request_id=req-normal-01879 method=POST path=/api/login status=200 duration_ms=12.2
2026-09-21T18:58:00-03:00 INFO request_id=req-normal-01880 method=GET path=/api/search status=200 duration_ms=13.2
2026-09-21T18:58:21-03:00 INFO request_id=req-normal-01881 method=GET path=/api/categories status=200 duration_ms=14.2
2026-09-21T18:58:42-03:00 INFO request_id=req-normal-01882 method=GET path=/api/documents/12 status=200 duration_ms=15.2
2026-09-21T18:59:03-03:00 INFO request_id=req-normal-01883 method=GET path=/api/search status=200 duration_ms=16.2
2026-09-21T18:59:24-03:00 INFO request_id=req-normal-01884 method=POST path=/api/login status=200 duration_ms=17.2
2026-09-21T18:59:45-03:00 INFO request_id=req-normal-01885 method=GET path=/api/search status=200 duration_ms=18.2
2026-09-21T19:00:06-03:00 INFO request_id=req-normal-01886 method=GET path=/api/categories status=200 duration_ms=19.2
2026-09-21T19:00:27-03:00 INFO request_id=req-normal-01887 method=GET path=/api/documents/12 status=200 duration_ms=3.2
2026-09-21T19:00:48-03:00 INFO request_id=req-normal-01888 method=GET path=/api/search status=200 duration_ms=4.2
2026-09-21T19:01:09-03:00 INFO request_id=req-normal-01889 method=POST path=/api/login status=200 duration_ms=5.2
2026-09-21T19:01:30-03:00 INFO request_id=req-normal-01890 method=GET path=/api/search status=200 duration_ms=6.2
2026-09-21T19:01:51-03:00 INFO request_id=req-normal-01891 method=GET path=/api/categories status=200 duration_ms=7.2
2026-09-21T19:02:12-03:00 INFO request_id=req-normal-01892 method=GET path=/api/documents/12 status=200 duration_ms=8.2
2026-09-21T19:02:33-03:00 INFO request_id=req-normal-01893 method=GET path=/api/search status=200 duration_ms=9.2
2026-09-21T19:02:54-03:00 INFO request_id=req-normal-01894 method=POST path=/api/login status=200 duration_ms=10.2
2026-09-21T19:03:15-03:00 INFO request_id=req-normal-01895 method=GET path=/api/search status=200 duration_ms=11.2
2026-09-21T19:03:36-03:00 INFO request_id=req-normal-01896 method=GET path=/api/categories status=200 duration_ms=12.2
2026-09-21T19:03:57-03:00 INFO request_id=req-normal-01897 method=GET path=/api/documents/12 status=200 duration_ms=13.2
2026-09-21T19:04:18-03:00 INFO request_id=req-normal-01898 method=GET path=/api/search status=200 duration_ms=14.2
2026-09-21T19:04:39-03:00 INFO request_id=req-normal-01899 method=POST path=/api/login status=200 duration_ms=15.2
2026-09-21T19:05:00-03:00 INFO request_id=req-normal-01900 method=GET path=/api/search status=200 duration_ms=16.2
2026-09-21T19:05:21-03:00 INFO request_id=req-normal-01901 method=GET path=/api/categories status=200 duration_ms=17.2
2026-09-21T19:05:42-03:00 INFO request_id=req-normal-01902 method=GET path=/api/documents/12 status=200 duration_ms=18.2
2026-09-21T19:06:03-03:00 INFO request_id=req-normal-01903 method=GET path=/api/search status=200 duration_ms=19.2
2026-09-21T19:06:24-03:00 INFO request_id=req-normal-01904 method=POST path=/api/login status=200 duration_ms=3.2
2026-09-21T19:06:45-03:00 INFO request_id=req-normal-01905 method=GET path=/api/search status=200 duration_ms=4.2
2026-09-21T19:07:06-03:00 INFO request_id=req-normal-01906 method=GET path=/api/categories status=200 duration_ms=5.2
2026-09-21T19:07:27-03:00 INFO request_id=req-normal-01907 method=GET path=/api/documents/12 status=200 duration_ms=6.2
2026-09-21T19:07:48-03:00 INFO request_id=req-normal-01908 method=GET path=/api/search status=200 duration_ms=7.2
2026-09-21T19:08:09-03:00 INFO request_id=req-normal-01909 method=POST path=/api/login status=200 duration_ms=8.2
2026-09-21T19:08:30-03:00 INFO request_id=req-normal-01910 method=GET path=/api/search status=200 duration_ms=9.2
2026-09-21T19:08:51-03:00 INFO request_id=req-normal-01911 method=GET path=/api/categories status=200 duration_ms=10.2
2026-09-21T19:09:12-03:00 INFO request_id=req-normal-01912 method=GET path=/api/documents/12 status=200 duration_ms=11.2
2026-09-21T19:09:33-03:00 INFO request_id=req-normal-01913 method=GET path=/api/search status=200 duration_ms=12.2
2026-09-21T19:09:54-03:00 INFO request_id=req-normal-01914 method=POST path=/api/login status=200 duration_ms=13.2
2026-09-21T19:10:15-03:00 INFO request_id=req-normal-01915 method=GET path=/api/search status=200 duration_ms=14.2
2026-09-21T19:10:36-03:00 INFO request_id=req-normal-01916 method=GET path=/api/categories status=200 duration_ms=15.2
2026-09-21T19:10:57-03:00 INFO request_id=req-normal-01917 method=GET path=/api/documents/12 status=200 duration_ms=16.2
2026-09-21T19:11:18-03:00 INFO request_id=req-normal-01918 method=GET path=/api/search status=200 duration_ms=17.2
2026-09-21T19:11:39-03:00 INFO request_id=req-normal-01919 method=POST path=/api/login status=200 duration_ms=18.2
2026-09-21T19:12:00-03:00 INFO request_id=req-normal-01920 method=GET path=/api/search status=200 duration_ms=19.2
2026-09-21T19:12:21-03:00 INFO request_id=req-normal-01921 method=GET path=/api/categories status=200 duration_ms=3.2
2026-09-21T19:12:42-03:00 INFO request_id=req-normal-01922 method=GET path=/api/documents/12 status=200 duration_ms=4.2
2026-09-21T19:13:03-03:00 INFO request_id=req-normal-01923 method=GET path=/api/search status=200 duration_ms=5.2
2026-09-21T19:13:24-03:00 INFO request_id=req-normal-01924 method=POST path=/api/login status=200 duration_ms=6.2
2026-09-21T19:13:45-03:00 INFO request_id=req-normal-01925 method=GET path=/api/search status=200 duration_ms=7.2
2026-09-21T19:14:06-03:00 INFO request_id=req-normal-01926 method=GET path=/api/categories status=200 duration_ms=8.2
2026-09-21T19:14:27-03:00 INFO request_id=req-normal-01927 method=GET path=/api/documents/12 status=200 duration_ms=9.2
2026-09-21T19:14:48-03:00 INFO request_id=req-normal-01928 method=GET path=/api/search status=200 duration_ms=10.2
2026-09-21T19:15:09-03:00 INFO request_id=req-normal-01929 method=POST path=/api/login status=200 duration_ms=11.2
2026-09-21T19:15:30-03:00 INFO request_id=req-normal-01930 method=GET path=/api/search status=200 duration_ms=12.2
2026-09-21T19:15:51-03:00 INFO request_id=req-normal-01931 method=GET path=/api/categories status=200 duration_ms=13.2
2026-09-21T19:16:12-03:00 INFO request_id=req-normal-01932 method=GET path=/api/documents/12 status=200 duration_ms=14.2
2026-09-21T19:16:33-03:00 INFO request_id=req-normal-01933 method=GET path=/api/search status=200 duration_ms=15.2
2026-09-21T19:16:54-03:00 INFO request_id=req-normal-01934 method=POST path=/api/login status=200 duration_ms=16.2
2026-09-21T19:17:15-03:00 INFO request_id=req-normal-01935 method=GET path=/api/search status=200 duration_ms=17.2
2026-09-21T19:17:36-03:00 INFO request_id=req-normal-01936 method=GET path=/api/categories status=200 duration_ms=18.2
2026-09-21T19:17:57-03:00 INFO request_id=req-normal-01937 method=GET path=/api/documents/12 status=200 duration_ms=19.2
2026-09-21T19:18:18-03:00 INFO request_id=req-normal-01938 method=GET path=/api/search status=200 duration_ms=3.2
2026-09-21T19:18:39-03:00 INFO request_id=req-normal-01939 method=POST path=/api/login status=200 duration_ms=4.2
2026-09-21T19:19:00-03:00 INFO request_id=req-normal-01940 method=GET path=/api/search status=200 duration_ms=5.2
2026-09-21T19:19:21-03:00 INFO request_id=req-normal-01941 method=GET path=/api/categories status=200 duration_ms=6.2
2026-09-21T19:19:42-03:00 INFO request_id=req-normal-01942 method=GET path=/api/documents/12 status=200 duration_ms=7.2
2026-09-21T19:20:03-03:00 INFO request_id=req-normal-01943 method=GET path=/api/search status=200 duration_ms=8.2
2026-09-21T19:20:24-03:00 INFO request_id=req-normal-01944 method=POST path=/api/login status=200 duration_ms=9.2
2026-09-21T19:20:45-03:00 INFO request_id=req-normal-01945 method=GET path=/api/search status=200 duration_ms=10.2
2026-09-21T19:21:06-03:00 INFO request_id=req-normal-01946 method=GET path=/api/categories status=200 duration_ms=11.2
2026-09-21T19:21:27-03:00 INFO request_id=req-normal-01947 method=GET path=/api/documents/12 status=200 duration_ms=12.2
2026-09-21T19:21:48-03:00 INFO request_id=req-normal-01948 method=GET path=/api/search status=200 duration_ms=13.2
2026-09-21T19:22:09-03:00 INFO request_id=req-normal-01949 method=POST path=/api/login status=200 duration_ms=14.2
2026-09-21T19:22:30-03:00 INFO request_id=req-normal-01950 method=GET path=/api/search status=200 duration_ms=15.2
2026-09-21T19:22:51-03:00 INFO request_id=req-normal-01951 method=GET path=/api/categories status=200 duration_ms=16.2
2026-09-21T19:23:12-03:00 INFO request_id=req-normal-01952 method=GET path=/api/documents/12 status=200 duration_ms=17.2
2026-09-21T19:23:33-03:00 INFO request_id=req-normal-01953 method=GET path=/api/search status=200 duration_ms=18.2
2026-09-21T19:23:54-03:00 INFO request_id=req-normal-01954 method=POST path=/api/login status=200 duration_ms=19.2
2026-09-21T19:24:15-03:00 INFO request_id=req-normal-01955 method=GET path=/api/search status=200 duration_ms=3.2
2026-09-21T19:24:36-03:00 INFO request_id=req-normal-01956 method=GET path=/api/categories status=200 duration_ms=4.2
2026-09-21T19:24:57-03:00 INFO request_id=req-normal-01957 method=GET path=/api/documents/12 status=200 duration_ms=5.2
2026-09-21T19:25:18-03:00 INFO request_id=req-normal-01958 method=GET path=/api/search status=200 duration_ms=6.2
2026-09-21T19:25:39-03:00 INFO request_id=req-normal-01959 method=POST path=/api/login status=200 duration_ms=7.2
2026-09-21T19:26:00-03:00 INFO request_id=req-normal-01960 method=GET path=/api/search status=200 duration_ms=8.2
2026-09-21T19:26:21-03:00 INFO request_id=req-normal-01961 method=GET path=/api/categories status=200 duration_ms=9.2
2026-09-21T19:26:42-03:00 INFO request_id=req-normal-01962 method=GET path=/api/documents/12 status=200 duration_ms=10.2
2026-09-21T19:27:03-03:00 INFO request_id=req-normal-01963 method=GET path=/api/search status=200 duration_ms=11.2
2026-09-21T19:27:24-03:00 INFO request_id=req-normal-01964 method=POST path=/api/login status=200 duration_ms=12.2
2026-09-21T19:27:45-03:00 INFO request_id=req-normal-01965 method=GET path=/api/search status=200 duration_ms=13.2
2026-09-21T19:28:06-03:00 INFO request_id=req-normal-01966 method=GET path=/api/categories status=200 duration_ms=14.2
2026-09-21T19:28:27-03:00 INFO request_id=req-normal-01967 method=GET path=/api/documents/12 status=200 duration_ms=15.2
2026-09-21T19:28:48-03:00 INFO request_id=req-normal-01968 method=GET path=/api/search status=200 duration_ms=16.2
2026-09-21T19:29:09-03:00 INFO request_id=req-normal-01969 method=POST path=/api/login status=200 duration_ms=17.2
2026-09-21T19:29:30-03:00 INFO request_id=req-normal-01970 method=GET path=/api/search status=200 duration_ms=18.2
2026-09-21T19:29:51-03:00 INFO request_id=req-normal-01971 method=GET path=/api/categories status=200 duration_ms=19.2
2026-09-21T19:30:12-03:00 INFO request_id=req-normal-01972 method=GET path=/api/documents/12 status=200 duration_ms=3.2
2026-09-21T19:30:33-03:00 INFO request_id=req-normal-01973 method=GET path=/api/search status=200 duration_ms=4.2
2026-09-21T19:30:54-03:00 INFO request_id=req-normal-01974 method=POST path=/api/login status=200 duration_ms=5.2
2026-09-21T19:31:15-03:00 INFO request_id=req-normal-01975 method=GET path=/api/search status=200 duration_ms=6.2
2026-09-21T19:31:36-03:00 INFO request_id=req-normal-01976 method=GET path=/api/categories status=200 duration_ms=7.2
2026-09-21T19:31:57-03:00 INFO request_id=req-normal-01977 method=GET path=/api/documents/12 status=200 duration_ms=8.2
2026-09-21T19:32:18-03:00 INFO request_id=req-normal-01978 method=GET path=/api/search status=200 duration_ms=9.2
2026-09-21T19:32:39-03:00 INFO request_id=req-normal-01979 method=POST path=/api/login status=200 duration_ms=10.2
2026-09-21T19:33:00-03:00 INFO request_id=req-normal-01980 method=GET path=/api/search status=200 duration_ms=11.2
2026-09-21T19:33:21-03:00 INFO request_id=req-normal-01981 method=GET path=/api/categories status=200 duration_ms=12.2
2026-09-21T19:33:42-03:00 INFO request_id=req-normal-01982 method=GET path=/api/documents/12 status=200 duration_ms=13.2
2026-09-21T19:34:03-03:00 INFO request_id=req-normal-01983 method=GET path=/api/search status=200 duration_ms=14.2
2026-09-21T19:34:24-03:00 INFO request_id=req-normal-01984 method=POST path=/api/login status=200 duration_ms=15.2
2026-09-21T19:34:45-03:00 INFO request_id=req-normal-01985 method=GET path=/api/search status=200 duration_ms=16.2
2026-09-21T19:35:06-03:00 INFO request_id=req-normal-01986 method=GET path=/api/categories status=200 duration_ms=17.2
2026-09-21T19:35:27-03:00 INFO request_id=req-normal-01987 method=GET path=/api/documents/12 status=200 duration_ms=18.2
2026-09-21T19:35:48-03:00 INFO request_id=req-normal-01988 method=GET path=/api/search status=200 duration_ms=19.2
2026-09-21T19:36:09-03:00 INFO request_id=req-normal-01989 method=POST path=/api/login status=200 duration_ms=3.2
2026-09-21T19:36:30-03:00 INFO request_id=req-normal-01990 method=GET path=/api/search status=200 duration_ms=4.2
2026-09-21T19:36:51-03:00 INFO request_id=req-normal-01991 method=GET path=/api/categories status=200 duration_ms=5.2
2026-09-21T19:37:12-03:00 INFO request_id=req-normal-01992 method=GET path=/api/documents/12 status=200 duration_ms=6.2
2026-09-21T19:37:33-03:00 INFO request_id=req-normal-01993 method=GET path=/api/search status=200 duration_ms=7.2
2026-09-21T19:37:54-03:00 INFO request_id=req-normal-01994 method=POST path=/api/login status=200 duration_ms=8.2
2026-09-21T19:38:15-03:00 INFO request_id=req-normal-01995 method=GET path=/api/search status=200 duration_ms=9.2
2026-09-21T19:38:36-03:00 INFO request_id=req-normal-01996 method=GET path=/api/categories status=200 duration_ms=10.2
2026-09-21T19:38:57-03:00 INFO request_id=req-normal-01997 method=GET path=/api/documents/12 status=200 duration_ms=11.2
2026-09-21T19:39:18-03:00 INFO request_id=req-normal-01998 method=GET path=/api/search status=200 duration_ms=12.2
2026-09-21T19:39:39-03:00 INFO request_id=req-normal-01999 method=POST path=/api/login status=200 duration_ms=13.2
2026-09-21T19:40:00-03:00 INFO request_id=req-normal-02000 method=GET path=/api/search status=200 duration_ms=14.2
2026-09-21T19:40:21-03:00 INFO request_id=req-normal-02001 method=GET path=/api/categories status=200 duration_ms=15.2
2026-09-21T19:40:42-03:00 INFO request_id=req-normal-02002 method=GET path=/api/documents/12 status=200 duration_ms=16.2
2026-09-21T19:41:03-03:00 INFO request_id=req-normal-02003 method=GET path=/api/search status=200 duration_ms=17.2
2026-09-21T19:41:24-03:00 INFO request_id=req-normal-02004 method=POST path=/api/login status=200 duration_ms=18.2
2026-09-21T19:41:45-03:00 INFO request_id=req-normal-02005 method=GET path=/api/search status=200 duration_ms=19.2
2026-09-21T19:42:06-03:00 INFO request_id=req-normal-02006 method=GET path=/api/categories status=200 duration_ms=3.2
2026-09-21T19:42:27-03:00 INFO request_id=req-normal-02007 method=GET path=/api/documents/12 status=200 duration_ms=4.2
2026-09-21T19:42:48-03:00 INFO request_id=req-normal-02008 method=GET path=/api/search status=200 duration_ms=5.2
2026-09-21T19:43:09-03:00 INFO request_id=req-normal-02009 method=POST path=/api/login status=200 duration_ms=6.2
2026-09-21T19:43:30-03:00 INFO request_id=req-normal-02010 method=GET path=/api/search status=200 duration_ms=7.2
2026-09-21T19:43:51-03:00 INFO request_id=req-normal-02011 method=GET path=/api/categories status=200 duration_ms=8.2
2026-09-21T19:44:12-03:00 INFO request_id=req-normal-02012 method=GET path=/api/documents/12 status=200 duration_ms=9.2
2026-09-21T19:44:33-03:00 INFO request_id=req-normal-02013 method=GET path=/api/search status=200 duration_ms=10.2
2026-09-21T19:44:54-03:00 INFO request_id=req-normal-02014 method=POST path=/api/login status=200 duration_ms=11.2
2026-09-21T19:45:15-03:00 INFO request_id=req-normal-02015 method=GET path=/api/search status=200 duration_ms=12.2
2026-09-21T19:45:36-03:00 INFO request_id=req-normal-02016 method=GET path=/api/categories status=200 duration_ms=13.2
2026-09-21T19:45:57-03:00 INFO request_id=req-normal-02017 method=GET path=/api/documents/12 status=200 duration_ms=14.2
2026-09-21T19:46:18-03:00 INFO request_id=req-normal-02018 method=GET path=/api/search status=200 duration_ms=15.2
2026-09-21T19:46:39-03:00 INFO request_id=req-normal-02019 method=POST path=/api/login status=200 duration_ms=16.2
2026-09-21T19:47:00-03:00 INFO request_id=req-normal-02020 method=GET path=/api/search status=200 duration_ms=17.2
2026-09-21T19:47:21-03:00 INFO request_id=req-normal-02021 method=GET path=/api/categories status=200 duration_ms=18.2
2026-09-21T19:47:42-03:00 INFO request_id=req-normal-02022 method=GET path=/api/documents/12 status=200 duration_ms=19.2
2026-09-21T19:48:03-03:00 INFO request_id=req-normal-02023 method=GET path=/api/search status=200 duration_ms=3.2
2026-09-21T19:48:24-03:00 INFO request_id=req-normal-02024 method=POST path=/api/login status=200 duration_ms=4.2
2026-09-21T19:48:45-03:00 INFO request_id=req-normal-02025 method=GET path=/api/search status=200 duration_ms=5.2
2026-09-21T19:49:06-03:00 INFO request_id=req-normal-02026 method=GET path=/api/categories status=200 duration_ms=6.2
2026-09-21T19:49:27-03:00 INFO request_id=req-normal-02027 method=GET path=/api/documents/12 status=200 duration_ms=7.2
2026-09-21T19:49:48-03:00 INFO request_id=req-normal-02028 method=GET path=/api/search status=200 duration_ms=8.2
2026-09-21T19:50:09-03:00 INFO request_id=req-normal-02029 method=POST path=/api/login status=200 duration_ms=9.2
2026-09-21T19:50:30-03:00 INFO request_id=req-normal-02030 method=GET path=/api/search status=200 duration_ms=10.2
2026-09-21T19:50:51-03:00 INFO request_id=req-normal-02031 method=GET path=/api/categories status=200 duration_ms=11.2
2026-09-21T19:51:12-03:00 INFO request_id=req-normal-02032 method=GET path=/api/documents/12 status=200 duration_ms=12.2
2026-09-21T19:51:33-03:00 INFO request_id=req-normal-02033 method=GET path=/api/search status=200 duration_ms=13.2
2026-09-21T19:51:54-03:00 INFO request_id=req-normal-02034 method=POST path=/api/login status=200 duration_ms=14.2
2026-09-21T19:52:15-03:00 INFO request_id=req-normal-02035 method=GET path=/api/search status=200 duration_ms=15.2
2026-09-21T19:52:36-03:00 INFO request_id=req-normal-02036 method=GET path=/api/categories status=200 duration_ms=16.2
2026-09-21T19:52:57-03:00 INFO request_id=req-normal-02037 method=GET path=/api/documents/12 status=200 duration_ms=17.2
2026-09-21T19:53:18-03:00 INFO request_id=req-normal-02038 method=GET path=/api/search status=200 duration_ms=18.2
2026-09-21T19:53:39-03:00 INFO request_id=req-normal-02039 method=POST path=/api/login status=200 duration_ms=19.2
2026-09-21T19:54:00-03:00 INFO request_id=req-normal-02040 method=GET path=/api/search status=200 duration_ms=3.2
2026-09-21T19:54:21-03:00 INFO request_id=req-normal-02041 method=GET path=/api/categories status=200 duration_ms=4.2
2026-09-21T19:54:42-03:00 INFO request_id=req-normal-02042 method=GET path=/api/documents/12 status=200 duration_ms=5.2
2026-09-21T19:55:03-03:00 INFO request_id=req-normal-02043 method=GET path=/api/search status=200 duration_ms=6.2
2026-09-21T19:55:24-03:00 INFO request_id=req-normal-02044 method=POST path=/api/login status=200 duration_ms=7.2
2026-09-21T19:55:45-03:00 INFO request_id=req-normal-02045 method=GET path=/api/search status=200 duration_ms=8.2
2026-09-21T19:56:06-03:00 INFO request_id=req-normal-02046 method=GET path=/api/categories status=200 duration_ms=9.2
2026-09-21T19:56:27-03:00 INFO request_id=req-normal-02047 method=GET path=/api/documents/12 status=200 duration_ms=10.2
2026-09-21T19:56:48-03:00 INFO request_id=req-normal-02048 method=GET path=/api/search status=200 duration_ms=11.2
2026-09-21T19:57:09-03:00 INFO request_id=req-normal-02049 method=POST path=/api/login status=200 duration_ms=12.2
2026-09-21T19:57:30-03:00 INFO request_id=req-normal-02050 method=GET path=/api/search status=200 duration_ms=13.2
2026-09-21T19:57:51-03:00 INFO request_id=req-normal-02051 method=GET path=/api/categories status=200 duration_ms=14.2
2026-09-21T19:58:12-03:00 INFO request_id=req-normal-02052 method=GET path=/api/documents/12 status=200 duration_ms=15.2
2026-09-21T19:58:33-03:00 INFO request_id=req-normal-02053 method=GET path=/api/search status=200 duration_ms=16.2
2026-09-21T19:58:54-03:00 INFO request_id=req-normal-02054 method=POST path=/api/login status=200 duration_ms=17.2
2026-09-21T19:59:15-03:00 INFO request_id=req-normal-02055 method=GET path=/api/search status=200 duration_ms=18.2
2026-09-21T19:59:36-03:00 INFO request_id=req-normal-02056 method=GET path=/api/categories status=200 duration_ms=19.2
2026-09-21T19:59:57-03:00 INFO request_id=req-normal-02057 method=GET path=/api/documents/12 status=200 duration_ms=3.2
2026-09-21T20:00:18-03:00 INFO request_id=req-normal-02058 method=GET path=/api/search status=200 duration_ms=4.2
2026-09-21T20:00:39-03:00 INFO request_id=req-normal-02059 method=POST path=/api/login status=200 duration_ms=5.2
2026-09-21T20:01:00-03:00 INFO request_id=req-normal-02060 method=GET path=/api/search status=200 duration_ms=6.2
2026-09-21T20:01:21-03:00 INFO request_id=req-normal-02061 method=GET path=/api/categories status=200 duration_ms=7.2
2026-09-21T20:01:42-03:00 INFO request_id=req-normal-02062 method=GET path=/api/documents/12 status=200 duration_ms=8.2
2026-09-21T20:02:03-03:00 INFO request_id=req-normal-02063 method=GET path=/api/search status=200 duration_ms=9.2
2026-09-21T20:02:24-03:00 INFO request_id=req-normal-02064 method=POST path=/api/login status=200 duration_ms=10.2
2026-09-21T20:02:45-03:00 INFO request_id=req-normal-02065 method=GET path=/api/search status=200 duration_ms=11.2
2026-09-21T20:03:06-03:00 INFO request_id=req-normal-02066 method=GET path=/api/categories status=200 duration_ms=12.2
2026-09-21T20:03:27-03:00 INFO request_id=req-normal-02067 method=GET path=/api/documents/12 status=200 duration_ms=13.2
2026-09-21T20:03:48-03:00 INFO request_id=req-normal-02068 method=GET path=/api/search status=200 duration_ms=14.2
2026-09-21T20:04:09-03:00 INFO request_id=req-normal-02069 method=POST path=/api/login status=200 duration_ms=15.2
2026-09-21T20:04:30-03:00 INFO request_id=req-normal-02070 method=GET path=/api/search status=200 duration_ms=16.2
2026-09-21T20:04:51-03:00 INFO request_id=req-normal-02071 method=GET path=/api/categories status=200 duration_ms=17.2
2026-09-21T20:05:12-03:00 INFO request_id=req-normal-02072 method=GET path=/api/documents/12 status=200 duration_ms=18.2
2026-09-21T20:05:33-03:00 INFO request_id=req-normal-02073 method=GET path=/api/search status=200 duration_ms=19.2
2026-09-21T20:05:54-03:00 INFO request_id=req-normal-02074 method=POST path=/api/login status=200 duration_ms=3.2
2026-09-21T20:06:15-03:00 INFO request_id=req-normal-02075 method=GET path=/api/search status=200 duration_ms=4.2
2026-09-21T20:06:36-03:00 INFO request_id=req-normal-02076 method=GET path=/api/categories status=200 duration_ms=5.2
2026-09-21T20:06:57-03:00 INFO request_id=req-normal-02077 method=GET path=/api/documents/12 status=200 duration_ms=6.2
2026-09-21T20:07:18-03:00 INFO request_id=req-normal-02078 method=GET path=/api/search status=200 duration_ms=7.2
2026-09-21T20:07:39-03:00 INFO request_id=req-normal-02079 method=POST path=/api/login status=200 duration_ms=8.2
2026-09-21T20:08:00-03:00 INFO request_id=req-normal-02080 method=GET path=/api/search status=200 duration_ms=9.2
2026-09-21T20:08:21-03:00 INFO request_id=req-normal-02081 method=GET path=/api/categories status=200 duration_ms=10.2
2026-09-21T20:08:42-03:00 INFO request_id=req-normal-02082 method=GET path=/api/documents/12 status=200 duration_ms=11.2
2026-09-21T20:09:03-03:00 INFO request_id=req-normal-02083 method=GET path=/api/search status=200 duration_ms=12.2
2026-09-21T20:09:24-03:00 INFO request_id=req-normal-02084 method=POST path=/api/login status=200 duration_ms=13.2
2026-09-21T20:09:45-03:00 INFO request_id=req-normal-02085 method=GET path=/api/search status=200 duration_ms=14.2
2026-09-21T20:10:06-03:00 INFO request_id=req-normal-02086 method=GET path=/api/categories status=200 duration_ms=15.2
2026-09-21T20:10:27-03:00 INFO request_id=req-normal-02087 method=GET path=/api/documents/12 status=200 duration_ms=16.2
2026-09-21T20:10:48-03:00 INFO request_id=req-normal-02088 method=GET path=/api/search status=200 duration_ms=17.2
2026-09-21T20:11:09-03:00 INFO request_id=req-normal-02089 method=POST path=/api/login status=200 duration_ms=18.2
2026-09-21T20:11:30-03:00 INFO request_id=req-normal-02090 method=GET path=/api/search status=200 duration_ms=19.2
2026-09-21T20:11:51-03:00 INFO request_id=req-normal-02091 method=GET path=/api/categories status=200 duration_ms=3.2
2026-09-21T20:12:12-03:00 INFO request_id=req-normal-02092 method=GET path=/api/documents/12 status=200 duration_ms=4.2
2026-09-21T20:12:33-03:00 INFO request_id=req-normal-02093 method=GET path=/api/search status=200 duration_ms=5.2
2026-09-21T20:12:54-03:00 INFO request_id=req-normal-02094 method=POST path=/api/login status=200 duration_ms=6.2
2026-09-21T20:13:15-03:00 INFO request_id=req-normal-02095 method=GET path=/api/search status=200 duration_ms=7.2
2026-09-21T20:13:36-03:00 INFO request_id=req-normal-02096 method=GET path=/api/categories status=200 duration_ms=8.2
2026-09-21T20:13:57-03:00 INFO request_id=req-normal-02097 method=GET path=/api/documents/12 status=200 duration_ms=9.2
2026-09-21T20:14:18-03:00 INFO request_id=req-normal-02098 method=GET path=/api/search status=200 duration_ms=10.2
2026-09-21T20:14:39-03:00 INFO request_id=req-normal-02099 method=POST path=/api/login status=200 duration_ms=11.2
2026-09-21T20:15:00-03:00 INFO request_id=req-normal-02100 method=GET path=/api/search status=200 duration_ms=12.2
2026-09-21T20:15:21-03:00 INFO request_id=req-normal-02101 method=GET path=/api/categories status=200 duration_ms=13.2
2026-09-21T20:15:42-03:00 INFO request_id=req-normal-02102 method=GET path=/api/documents/12 status=200 duration_ms=14.2
2026-09-21T20:16:03-03:00 INFO request_id=req-normal-02103 method=GET path=/api/search status=200 duration_ms=15.2
2026-09-21T20:16:24-03:00 INFO request_id=req-normal-02104 method=POST path=/api/login status=200 duration_ms=16.2
2026-09-21T20:16:45-03:00 INFO request_id=req-normal-02105 method=GET path=/api/search status=200 duration_ms=17.2
2026-09-21T20:17:06-03:00 INFO request_id=req-normal-02106 method=GET path=/api/categories status=200 duration_ms=18.2
2026-09-21T20:17:27-03:00 INFO request_id=req-normal-02107 method=GET path=/api/documents/12 status=200 duration_ms=19.2
2026-09-21T20:17:48-03:00 INFO request_id=req-normal-02108 method=GET path=/api/search status=200 duration_ms=3.2
2026-09-21T20:18:09-03:00 INFO request_id=req-normal-02109 method=POST path=/api/login status=200 duration_ms=4.2
2026-09-21T20:18:30-03:00 INFO request_id=req-normal-02110 method=GET path=/api/search status=200 duration_ms=5.2
2026-09-21T20:18:51-03:00 INFO request_id=req-normal-02111 method=GET path=/api/categories status=200 duration_ms=6.2
2026-09-21T20:19:12-03:00 INFO request_id=req-normal-02112 method=GET path=/api/documents/12 status=200 duration_ms=7.2
2026-09-21T20:19:33-03:00 INFO request_id=req-normal-02113 method=GET path=/api/search status=200 duration_ms=8.2
2026-09-21T20:19:54-03:00 INFO request_id=req-normal-02114 method=POST path=/api/login status=200 duration_ms=9.2
2026-09-21T20:20:15-03:00 INFO request_id=req-normal-02115 method=GET path=/api/search status=200 duration_ms=10.2
2026-09-21T20:20:36-03:00 INFO request_id=req-normal-02116 method=GET path=/api/categories status=200 duration_ms=11.2
2026-09-21T20:20:57-03:00 INFO request_id=req-normal-02117 method=GET path=/api/documents/12 status=200 duration_ms=12.2
2026-09-21T20:21:18-03:00 INFO request_id=req-normal-02118 method=GET path=/api/search status=200 duration_ms=13.2
2026-09-21T20:21:39-03:00 INFO request_id=req-normal-02119 method=POST path=/api/login status=200 duration_ms=14.2
2026-09-21T20:22:00-03:00 INFO request_id=req-normal-02120 method=GET path=/api/search status=200 duration_ms=15.2
2026-09-21T20:22:21-03:00 INFO request_id=req-normal-02121 method=GET path=/api/categories status=200 duration_ms=16.2
2026-09-21T20:22:42-03:00 INFO request_id=req-normal-02122 method=GET path=/api/documents/12 status=200 duration_ms=17.2
2026-09-21T20:23:03-03:00 INFO request_id=req-normal-02123 method=GET path=/api/search status=200 duration_ms=18.2
2026-09-21T20:23:24-03:00 INFO request_id=req-normal-02124 method=POST path=/api/login status=200 duration_ms=19.2
2026-09-21T20:23:45-03:00 INFO request_id=req-normal-02125 method=GET path=/api/search status=200 duration_ms=3.2
2026-09-21T20:24:06-03:00 INFO request_id=req-normal-02126 method=GET path=/api/categories status=200 duration_ms=4.2
2026-09-21T20:24:27-03:00 INFO request_id=req-normal-02127 method=GET path=/api/documents/12 status=200 duration_ms=5.2
2026-09-21T20:24:48-03:00 INFO request_id=req-normal-02128 method=GET path=/api/search status=200 duration_ms=6.2
2026-09-21T20:25:09-03:00 INFO request_id=req-normal-02129 method=POST path=/api/login status=200 duration_ms=7.2
2026-09-21T20:25:30-03:00 INFO request_id=req-normal-02130 method=GET path=/api/search status=200 duration_ms=8.2
2026-09-21T20:25:51-03:00 INFO request_id=req-normal-02131 method=GET path=/api/categories status=200 duration_ms=9.2
2026-09-21T20:26:12-03:00 INFO request_id=req-normal-02132 method=GET path=/api/documents/12 status=200 duration_ms=10.2
2026-09-21T20:26:33-03:00 INFO request_id=req-normal-02133 method=GET path=/api/search status=200 duration_ms=11.2
2026-09-21T20:26:54-03:00 INFO request_id=req-normal-02134 method=POST path=/api/login status=200 duration_ms=12.2
2026-09-21T20:27:15-03:00 INFO request_id=req-normal-02135 method=GET path=/api/search status=200 duration_ms=13.2
2026-09-21T20:27:36-03:00 INFO request_id=req-normal-02136 method=GET path=/api/categories status=200 duration_ms=14.2
2026-09-21T20:27:57-03:00 INFO request_id=req-normal-02137 method=GET path=/api/documents/12 status=200 duration_ms=15.2
2026-09-21T20:28:18-03:00 INFO request_id=req-normal-02138 method=GET path=/api/search status=200 duration_ms=16.2
2026-09-21T20:28:39-03:00 INFO request_id=req-normal-02139 method=POST path=/api/login status=200 duration_ms=17.2
2026-09-21T20:29:00-03:00 INFO request_id=req-normal-02140 method=GET path=/api/search status=200 duration_ms=18.2
2026-09-21T20:29:21-03:00 INFO request_id=req-normal-02141 method=GET path=/api/categories status=200 duration_ms=19.2
2026-09-21T20:29:42-03:00 INFO request_id=req-normal-02142 method=GET path=/api/documents/12 status=200 duration_ms=3.2
2026-09-21T20:30:03-03:00 INFO request_id=req-normal-02143 method=GET path=/api/search status=200 duration_ms=4.2
2026-09-21T20:30:24-03:00 INFO request_id=req-normal-02144 method=POST path=/api/login status=200 duration_ms=5.2
2026-09-21T20:30:45-03:00 INFO request_id=req-normal-02145 method=GET path=/api/search status=200 duration_ms=6.2
2026-09-21T20:31:06-03:00 INFO request_id=req-normal-02146 method=GET path=/api/categories status=200 duration_ms=7.2
2026-09-21T20:31:27-03:00 INFO request_id=req-normal-02147 method=GET path=/api/documents/12 status=200 duration_ms=8.2
2026-09-21T20:31:48-03:00 INFO request_id=req-normal-02148 method=GET path=/api/search status=200 duration_ms=9.2
2026-09-21T20:32:09-03:00 INFO request_id=req-normal-02149 method=POST path=/api/login status=200 duration_ms=10.2
2026-09-21T20:32:30-03:00 INFO request_id=req-normal-02150 method=GET path=/api/search status=200 duration_ms=11.2
2026-09-21T20:32:51-03:00 INFO request_id=req-normal-02151 method=GET path=/api/categories status=200 duration_ms=12.2
2026-09-21T20:33:12-03:00 INFO request_id=req-normal-02152 method=GET path=/api/documents/12 status=200 duration_ms=13.2
2026-09-21T20:33:33-03:00 INFO request_id=req-normal-02153 method=GET path=/api/search status=200 duration_ms=14.2
2026-09-21T20:33:54-03:00 INFO request_id=req-normal-02154 method=POST path=/api/login status=200 duration_ms=15.2
2026-09-21T20:34:15-03:00 INFO request_id=req-normal-02155 method=GET path=/api/search status=200 duration_ms=16.2
2026-09-21T20:34:36-03:00 INFO request_id=req-normal-02156 method=GET path=/api/categories status=200 duration_ms=17.2
2026-09-21T20:34:57-03:00 INFO request_id=req-normal-02157 method=GET path=/api/documents/12 status=200 duration_ms=18.2
2026-09-21T20:35:18-03:00 INFO request_id=req-normal-02158 method=GET path=/api/search status=200 duration_ms=19.2
2026-09-21T20:35:39-03:00 INFO request_id=req-normal-02159 method=POST path=/api/login status=200 duration_ms=3.2
2026-09-21T20:36:00-03:00 INFO request_id=req-normal-02160 method=GET path=/api/search status=200 duration_ms=4.2
2026-09-21T20:36:21-03:00 INFO request_id=req-normal-02161 method=GET path=/api/categories status=200 duration_ms=5.2
2026-09-21T20:36:42-03:00 INFO request_id=req-normal-02162 method=GET path=/api/documents/12 status=200 duration_ms=6.2
2026-09-21T20:37:03-03:00 INFO request_id=req-normal-02163 method=GET path=/api/search status=200 duration_ms=7.2
2026-09-21T20:37:24-03:00 INFO request_id=req-normal-02164 method=POST path=/api/login status=200 duration_ms=8.2
2026-09-21T20:37:45-03:00 INFO request_id=req-normal-02165 method=GET path=/api/search status=200 duration_ms=9.2
2026-09-21T20:38:06-03:00 INFO request_id=req-normal-02166 method=GET path=/api/categories status=200 duration_ms=10.2
2026-09-21T20:38:27-03:00 INFO request_id=req-normal-02167 method=GET path=/api/documents/12 status=200 duration_ms=11.2
2026-09-21T20:38:48-03:00 INFO request_id=req-normal-02168 method=GET path=/api/search status=200 duration_ms=12.2
2026-09-21T20:39:09-03:00 INFO request_id=req-normal-02169 method=POST path=/api/login status=200 duration_ms=13.2
2026-09-21T20:39:30-03:00 INFO request_id=req-normal-02170 method=GET path=/api/search status=200 duration_ms=14.2
2026-09-21T20:39:51-03:00 INFO request_id=req-normal-02171 method=GET path=/api/categories status=200 duration_ms=15.2
2026-09-21T20:40:12-03:00 INFO request_id=req-normal-02172 method=GET path=/api/documents/12 status=200 duration_ms=16.2
2026-09-21T20:40:33-03:00 INFO request_id=req-normal-02173 method=GET path=/api/search status=200 duration_ms=17.2
2026-09-21T20:40:54-03:00 INFO request_id=req-normal-02174 method=POST path=/api/login status=200 duration_ms=18.2
2026-09-21T20:41:15-03:00 INFO request_id=req-normal-02175 method=GET path=/api/search status=200 duration_ms=19.2
2026-09-21T20:41:36-03:00 INFO request_id=req-normal-02176 method=GET path=/api/categories status=200 duration_ms=3.2
2026-09-21T20:41:57-03:00 INFO request_id=req-normal-02177 method=GET path=/api/documents/12 status=200 duration_ms=4.2
2026-09-21T20:42:18-03:00 INFO request_id=req-normal-02178 method=GET path=/api/search status=200 duration_ms=5.2
2026-09-21T20:42:39-03:00 INFO request_id=req-normal-02179 method=POST path=/api/login status=200 duration_ms=6.2
2026-09-21T20:43:00-03:00 INFO request_id=req-normal-02180 method=GET path=/api/search status=200 duration_ms=7.2
2026-09-21T20:43:21-03:00 INFO request_id=req-normal-02181 method=GET path=/api/categories status=200 duration_ms=8.2
2026-09-21T20:43:42-03:00 INFO request_id=req-normal-02182 method=GET path=/api/documents/12 status=200 duration_ms=9.2
2026-09-21T20:44:03-03:00 INFO request_id=req-normal-02183 method=GET path=/api/search status=200 duration_ms=10.2
2026-09-21T20:44:24-03:00 INFO request_id=req-normal-02184 method=POST path=/api/login status=200 duration_ms=11.2
2026-09-21T20:44:45-03:00 INFO request_id=req-normal-02185 method=GET path=/api/search status=200 duration_ms=12.2
2026-09-21T20:45:06-03:00 INFO request_id=req-normal-02186 method=GET path=/api/categories status=200 duration_ms=13.2
2026-09-21T20:45:27-03:00 INFO request_id=req-normal-02187 method=GET path=/api/documents/12 status=200 duration_ms=14.2
2026-09-21T20:45:48-03:00 INFO request_id=req-normal-02188 method=GET path=/api/search status=200 duration_ms=15.2
2026-09-21T20:46:09-03:00 INFO request_id=req-normal-02189 method=POST path=/api/login status=200 duration_ms=16.2
2026-09-21T20:46:30-03:00 INFO request_id=req-normal-02190 method=GET path=/api/search status=200 duration_ms=17.2
2026-09-21T20:46:51-03:00 INFO request_id=req-normal-02191 method=GET path=/api/categories status=200 duration_ms=18.2
2026-09-21T20:47:12-03:00 INFO request_id=req-normal-02192 method=GET path=/api/documents/12 status=200 duration_ms=19.2
2026-09-21T20:47:33-03:00 INFO request_id=req-normal-02193 method=GET path=/api/search status=200 duration_ms=3.2
2026-09-21T20:47:54-03:00 INFO request_id=req-normal-02194 method=POST path=/api/login status=200 duration_ms=4.2
2026-09-21T20:48:15-03:00 INFO request_id=req-normal-02195 method=GET path=/api/search status=200 duration_ms=5.2
2026-09-21T20:48:36-03:00 INFO request_id=req-normal-02196 method=GET path=/api/categories status=200 duration_ms=6.2
2026-09-21T20:48:57-03:00 INFO request_id=req-normal-02197 method=GET path=/api/documents/12 status=200 duration_ms=7.2
2026-09-21T20:49:18-03:00 INFO request_id=req-normal-02198 method=GET path=/api/search status=200 duration_ms=8.2
2026-09-21T20:49:39-03:00 INFO request_id=req-normal-02199 method=POST path=/api/login status=200 duration_ms=9.2
2026-09-21T20:50:00-03:00 INFO request_id=req-normal-02200 method=GET path=/api/search status=200 duration_ms=10.2
2026-09-21T20:50:21-03:00 INFO request_id=req-normal-02201 method=GET path=/api/categories status=200 duration_ms=11.2
2026-09-21T20:50:42-03:00 INFO request_id=req-normal-02202 method=GET path=/api/documents/12 status=200 duration_ms=12.2
2026-09-21T20:51:03-03:00 INFO request_id=req-normal-02203 method=GET path=/api/search status=200 duration_ms=13.2
2026-09-21T20:51:24-03:00 INFO request_id=req-normal-02204 method=POST path=/api/login status=200 duration_ms=14.2
2026-09-21T20:51:45-03:00 INFO request_id=req-normal-02205 method=GET path=/api/search status=200 duration_ms=15.2
2026-09-21T20:52:06-03:00 INFO request_id=req-normal-02206 method=GET path=/api/categories status=200 duration_ms=16.2
2026-09-21T20:52:27-03:00 INFO request_id=req-normal-02207 method=GET path=/api/documents/12 status=200 duration_ms=17.2
2026-09-21T20:52:48-03:00 INFO request_id=req-normal-02208 method=GET path=/api/search status=200 duration_ms=18.2
2026-09-21T20:53:09-03:00 INFO request_id=req-normal-02209 method=POST path=/api/login status=200 duration_ms=19.2
2026-09-21T20:53:30-03:00 INFO request_id=req-normal-02210 method=GET path=/api/search status=200 duration_ms=3.2
2026-09-21T20:53:51-03:00 INFO request_id=req-normal-02211 method=GET path=/api/categories status=200 duration_ms=4.2
2026-09-21T20:54:12-03:00 INFO request_id=req-normal-02212 method=GET path=/api/documents/12 status=200 duration_ms=5.2
2026-09-21T20:54:33-03:00 INFO request_id=req-normal-02213 method=GET path=/api/search status=200 duration_ms=6.2
2026-09-21T20:54:54-03:00 INFO request_id=req-normal-02214 method=POST path=/api/login status=200 duration_ms=7.2
2026-09-21T20:55:15-03:00 INFO request_id=req-normal-02215 method=GET path=/api/search status=200 duration_ms=8.2
2026-09-21T20:55:36-03:00 INFO request_id=req-normal-02216 method=GET path=/api/categories status=200 duration_ms=9.2
2026-09-21T20:55:57-03:00 INFO request_id=req-normal-02217 method=GET path=/api/documents/12 status=200 duration_ms=10.2
2026-09-21T20:56:18-03:00 INFO request_id=req-normal-02218 method=GET path=/api/search status=200 duration_ms=11.2
2026-09-21T20:56:39-03:00 INFO request_id=req-normal-02219 method=POST path=/api/login status=200 duration_ms=12.2
2026-09-21T20:57:00-03:00 INFO request_id=req-normal-02220 method=GET path=/api/search status=200 duration_ms=13.2
2026-09-21T20:57:21-03:00 INFO request_id=req-normal-02221 method=GET path=/api/categories status=200 duration_ms=14.2
2026-09-21T20:57:42-03:00 INFO request_id=req-normal-02222 method=GET path=/api/documents/12 status=200 duration_ms=15.2
2026-09-21T20:58:03-03:00 INFO request_id=req-normal-02223 method=GET path=/api/search status=200 duration_ms=16.2
2026-09-21T20:58:24-03:00 INFO request_id=req-normal-02224 method=POST path=/api/login status=200 duration_ms=17.2
2026-09-21T20:58:45-03:00 INFO request_id=req-normal-02225 method=GET path=/api/search status=200 duration_ms=18.2
2026-09-21T20:59:06-03:00 INFO request_id=req-normal-02226 method=GET path=/api/categories status=200 duration_ms=19.2
2026-09-21T20:59:27-03:00 INFO request_id=req-normal-02227 method=GET path=/api/documents/12 status=200 duration_ms=3.2
2026-09-21T20:59:48-03:00 INFO request_id=req-normal-02228 method=GET path=/api/search status=200 duration_ms=4.2
2026-09-21T21:00:09-03:00 INFO request_id=req-normal-02229 method=POST path=/api/login status=200 duration_ms=5.2
2026-09-21T21:00:30-03:00 INFO request_id=req-normal-02230 method=GET path=/api/search status=200 duration_ms=6.2
2026-09-21T21:00:51-03:00 INFO request_id=req-normal-02231 method=GET path=/api/categories status=200 duration_ms=7.2
2026-09-21T21:01:12-03:00 INFO request_id=req-normal-02232 method=GET path=/api/documents/12 status=200 duration_ms=8.2
2026-09-21T21:01:33-03:00 INFO request_id=req-normal-02233 method=GET path=/api/search status=200 duration_ms=9.2
2026-09-21T21:01:54-03:00 INFO request_id=req-normal-02234 method=POST path=/api/login status=200 duration_ms=10.2
2026-09-21T21:02:15-03:00 INFO request_id=req-normal-02235 method=GET path=/api/search status=200 duration_ms=11.2
2026-09-21T21:02:36-03:00 INFO request_id=req-normal-02236 method=GET path=/api/categories status=200 duration_ms=12.2
2026-09-21T21:02:57-03:00 INFO request_id=req-normal-02237 method=GET path=/api/documents/12 status=200 duration_ms=13.2
2026-09-21T21:03:18-03:00 INFO request_id=req-normal-02238 method=GET path=/api/search status=200 duration_ms=14.2
2026-09-21T21:03:39-03:00 INFO request_id=req-normal-02239 method=POST path=/api/login status=200 duration_ms=15.2
2026-09-21T21:04:00-03:00 INFO request_id=req-normal-02240 method=GET path=/api/search status=200 duration_ms=16.2
2026-09-21T21:04:21-03:00 INFO request_id=req-normal-02241 method=GET path=/api/categories status=200 duration_ms=17.2
2026-09-21T21:04:42-03:00 INFO request_id=req-normal-02242 method=GET path=/api/documents/12 status=200 duration_ms=18.2
2026-09-21T21:05:03-03:00 INFO request_id=req-normal-02243 method=GET path=/api/search status=200 duration_ms=19.2
2026-09-21T21:05:24-03:00 INFO request_id=req-normal-02244 method=POST path=/api/login status=200 duration_ms=3.2
2026-09-21T21:05:45-03:00 INFO request_id=req-normal-02245 method=GET path=/api/search status=200 duration_ms=4.2
2026-09-21T21:06:06-03:00 INFO request_id=req-normal-02246 method=GET path=/api/categories status=200 duration_ms=5.2
2026-09-21T21:06:27-03:00 INFO request_id=req-normal-02247 method=GET path=/api/documents/12 status=200 duration_ms=6.2
2026-09-21T21:06:48-03:00 INFO request_id=req-normal-02248 method=GET path=/api/search status=200 duration_ms=7.2
2026-09-21T21:07:09-03:00 INFO request_id=req-normal-02249 method=POST path=/api/login status=200 duration_ms=8.2
2026-09-21T21:07:30-03:00 INFO request_id=req-normal-02250 method=GET path=/api/search status=200 duration_ms=9.2
2026-09-21T21:07:51-03:00 INFO request_id=req-normal-02251 method=GET path=/api/categories status=200 duration_ms=10.2
2026-09-21T21:08:12-03:00 INFO request_id=req-normal-02252 method=GET path=/api/documents/12 status=200 duration_ms=11.2
2026-09-21T21:08:33-03:00 INFO request_id=req-normal-02253 method=GET path=/api/search status=200 duration_ms=12.2
2026-09-21T21:08:54-03:00 INFO request_id=req-normal-02254 method=POST path=/api/login status=200 duration_ms=13.2
2026-09-21T21:09:15-03:00 INFO request_id=req-normal-02255 method=GET path=/api/search status=200 duration_ms=14.2
2026-09-21T21:09:36-03:00 INFO request_id=req-normal-02256 method=GET path=/api/categories status=200 duration_ms=15.2
2026-09-21T21:09:57-03:00 INFO request_id=req-normal-02257 method=GET path=/api/documents/12 status=200 duration_ms=16.2
2026-09-21T21:10:18-03:00 INFO request_id=req-normal-02258 method=GET path=/api/search status=200 duration_ms=17.2
2026-09-21T21:10:39-03:00 INFO request_id=req-normal-02259 method=POST path=/api/login status=200 duration_ms=18.2
2026-09-21T21:11:00-03:00 INFO request_id=req-normal-02260 method=GET path=/api/search status=200 duration_ms=19.2
2026-09-21T21:11:21-03:00 INFO request_id=req-normal-02261 method=GET path=/api/categories status=200 duration_ms=3.2
2026-09-21T21:11:42-03:00 INFO request_id=req-normal-02262 method=GET path=/api/documents/12 status=200 duration_ms=4.2
2026-09-21T21:12:03-03:00 INFO request_id=req-normal-02263 method=GET path=/api/search status=200 duration_ms=5.2
2026-09-21T21:12:24-03:00 INFO request_id=req-normal-02264 method=POST path=/api/login status=200 duration_ms=6.2
2026-09-21T21:12:45-03:00 INFO request_id=req-normal-02265 method=GET path=/api/search status=200 duration_ms=7.2
2026-09-21T21:13:06-03:00 INFO request_id=req-normal-02266 method=GET path=/api/categories status=200 duration_ms=8.2
2026-09-21T21:13:27-03:00 INFO request_id=req-normal-02267 method=GET path=/api/documents/12 status=200 duration_ms=9.2
2026-09-21T21:13:48-03:00 INFO request_id=req-normal-02268 method=GET path=/api/search status=200 duration_ms=10.2
2026-09-21T21:14:09-03:00 INFO request_id=req-normal-02269 method=POST path=/api/login status=200 duration_ms=11.2
2026-09-21T21:14:30-03:00 INFO request_id=req-normal-02270 method=GET path=/api/search status=200 duration_ms=12.2
2026-09-21T21:14:51-03:00 INFO request_id=req-normal-02271 method=GET path=/api/categories status=200 duration_ms=13.2
2026-09-21T21:15:12-03:00 INFO request_id=req-normal-02272 method=GET path=/api/documents/12 status=200 duration_ms=14.2
2026-09-21T21:15:33-03:00 INFO request_id=req-normal-02273 method=GET path=/api/search status=200 duration_ms=15.2
2026-09-21T21:15:54-03:00 INFO request_id=req-normal-02274 method=POST path=/api/login status=200 duration_ms=16.2
2026-09-21T21:16:15-03:00 INFO request_id=req-normal-02275 method=GET path=/api/search status=200 duration_ms=17.2
2026-09-21T21:16:36-03:00 INFO request_id=req-normal-02276 method=GET path=/api/categories status=200 duration_ms=18.2
2026-09-21T21:16:57-03:00 INFO request_id=req-normal-02277 method=GET path=/api/documents/12 status=200 duration_ms=19.2
2026-09-21T21:17:18-03:00 INFO request_id=req-normal-02278 method=GET path=/api/search status=200 duration_ms=3.2
2026-09-21T21:17:39-03:00 INFO request_id=req-normal-02279 method=POST path=/api/login status=200 duration_ms=4.2
2026-09-21T21:18:00-03:00 INFO request_id=req-normal-02280 method=GET path=/api/search status=200 duration_ms=5.2
2026-09-21T21:18:21-03:00 INFO request_id=req-normal-02281 method=GET path=/api/categories status=200 duration_ms=6.2
2026-09-21T21:18:42-03:00 INFO request_id=req-normal-02282 method=GET path=/api/documents/12 status=200 duration_ms=7.2
2026-09-21T21:19:03-03:00 INFO request_id=req-normal-02283 method=GET path=/api/search status=200 duration_ms=8.2
2026-09-21T21:19:24-03:00 INFO request_id=req-normal-02284 method=POST path=/api/login status=200 duration_ms=9.2
2026-09-21T21:19:45-03:00 INFO request_id=req-normal-02285 method=GET path=/api/search status=200 duration_ms=10.2
2026-09-21T21:20:06-03:00 INFO request_id=req-normal-02286 method=GET path=/api/categories status=200 duration_ms=11.2
2026-09-21T21:20:27-03:00 INFO request_id=req-normal-02287 method=GET path=/api/documents/12 status=200 duration_ms=12.2
2026-09-21T21:20:48-03:00 INFO request_id=req-normal-02288 method=GET path=/api/search status=200 duration_ms=13.2
2026-09-21T21:21:09-03:00 INFO request_id=req-normal-02289 method=POST path=/api/login status=200 duration_ms=14.2
2026-09-21T21:21:30-03:00 INFO request_id=req-normal-02290 method=GET path=/api/search status=200 duration_ms=15.2
2026-09-21T21:21:51-03:00 INFO request_id=req-normal-02291 method=GET path=/api/categories status=200 duration_ms=16.2
2026-09-21T21:22:12-03:00 INFO request_id=req-normal-02292 method=GET path=/api/documents/12 status=200 duration_ms=17.2
2026-09-21T21:22:33-03:00 INFO request_id=req-normal-02293 method=GET path=/api/search status=200 duration_ms=18.2
2026-09-21T21:22:54-03:00 INFO request_id=req-normal-02294 method=POST path=/api/login status=200 duration_ms=19.2
2026-09-21T21:23:15-03:00 INFO request_id=req-normal-02295 method=GET path=/api/search status=200 duration_ms=3.2
2026-09-21T21:23:36-03:00 INFO request_id=req-normal-02296 method=GET path=/api/categories status=200 duration_ms=4.2
2026-09-21T21:23:57-03:00 INFO request_id=req-normal-02297 method=GET path=/api/documents/12 status=200 duration_ms=5.2
2026-09-21T21:24:18-03:00 INFO request_id=req-normal-02298 method=GET path=/api/search status=200 duration_ms=6.2
2026-09-21T21:24:39-03:00 INFO request_id=req-normal-02299 method=POST path=/api/login status=200 duration_ms=7.2
2026-09-21T21:25:00-03:00 INFO request_id=req-normal-02300 method=GET path=/api/search status=200 duration_ms=8.2
2026-09-21T21:25:21-03:00 INFO request_id=req-normal-02301 method=GET path=/api/categories status=200 duration_ms=9.2
2026-09-21T21:25:42-03:00 INFO request_id=req-normal-02302 method=GET path=/api/documents/12 status=200 duration_ms=10.2
2026-09-21T21:26:03-03:00 INFO request_id=req-normal-02303 method=GET path=/api/search status=200 duration_ms=11.2
2026-09-21T21:26:24-03:00 INFO request_id=req-normal-02304 method=POST path=/api/login status=200 duration_ms=12.2
2026-09-21T21:26:45-03:00 INFO request_id=req-normal-02305 method=GET path=/api/search status=200 duration_ms=13.2
2026-09-21T21:27:06-03:00 INFO request_id=req-normal-02306 method=GET path=/api/categories status=200 duration_ms=14.2
2026-09-21T21:27:27-03:00 INFO request_id=req-normal-02307 method=GET path=/api/documents/12 status=200 duration_ms=15.2
2026-09-21T21:27:48-03:00 INFO request_id=req-normal-02308 method=GET path=/api/search status=200 duration_ms=16.2
2026-09-21T21:28:09-03:00 INFO request_id=req-normal-02309 method=POST path=/api/login status=200 duration_ms=17.2
2026-09-21T21:28:30-03:00 INFO request_id=req-normal-02310 method=GET path=/api/search status=200 duration_ms=18.2
2026-09-21T21:28:51-03:00 INFO request_id=req-normal-02311 method=GET path=/api/categories status=200 duration_ms=19.2
2026-09-21T21:29:12-03:00 INFO request_id=req-normal-02312 method=GET path=/api/documents/12 status=200 duration_ms=3.2
2026-09-21T21:29:33-03:00 INFO request_id=req-normal-02313 method=GET path=/api/search status=200 duration_ms=4.2
2026-09-21T21:29:54-03:00 INFO request_id=req-normal-02314 method=POST path=/api/login status=200 duration_ms=5.2
2026-09-21T21:30:15-03:00 INFO request_id=req-normal-02315 method=GET path=/api/search status=200 duration_ms=6.2
2026-09-21T21:30:36-03:00 INFO request_id=req-normal-02316 method=GET path=/api/categories status=200 duration_ms=7.2
2026-09-21T21:30:57-03:00 INFO request_id=req-normal-02317 method=GET path=/api/documents/12 status=200 duration_ms=8.2
2026-09-21T21:31:18-03:00 INFO request_id=req-normal-02318 method=GET path=/api/search status=200 duration_ms=9.2
2026-09-21T21:31:39-03:00 INFO request_id=req-normal-02319 method=POST path=/api/login status=200 duration_ms=10.2
2026-09-21T21:32:00-03:00 INFO request_id=req-normal-02320 method=GET path=/api/search status=200 duration_ms=11.2
2026-09-21T21:32:21-03:00 INFO request_id=req-normal-02321 method=GET path=/api/categories status=200 duration_ms=12.2
2026-09-21T21:32:42-03:00 INFO request_id=req-normal-02322 method=GET path=/api/documents/12 status=200 duration_ms=13.2
2026-09-21T21:33:03-03:00 INFO request_id=req-normal-02323 method=GET path=/api/search status=200 duration_ms=14.2
2026-09-21T21:33:24-03:00 INFO request_id=req-normal-02324 method=POST path=/api/login status=200 duration_ms=15.2
2026-09-21T21:33:45-03:00 INFO request_id=req-normal-02325 method=GET path=/api/search status=200 duration_ms=16.2
2026-09-21T21:34:06-03:00 INFO request_id=req-normal-02326 method=GET path=/api/categories status=200 duration_ms=17.2
2026-09-21T21:34:27-03:00 INFO request_id=req-normal-02327 method=GET path=/api/documents/12 status=200 duration_ms=18.2
2026-09-21T21:34:48-03:00 INFO request_id=req-normal-02328 method=GET path=/api/search status=200 duration_ms=19.2
2026-09-21T21:35:09-03:00 INFO request_id=req-normal-02329 method=POST path=/api/login status=200 duration_ms=3.2
2026-09-21T21:35:30-03:00 INFO request_id=req-normal-02330 method=GET path=/api/search status=200 duration_ms=4.2
2026-09-21T21:35:51-03:00 INFO request_id=req-normal-02331 method=GET path=/api/categories status=200 duration_ms=5.2
2026-09-21T21:36:12-03:00 INFO request_id=req-normal-02332 method=GET path=/api/documents/12 status=200 duration_ms=6.2
2026-09-21T21:36:33-03:00 INFO request_id=req-normal-02333 method=GET path=/api/search status=200 duration_ms=7.2
2026-09-21T21:36:54-03:00 INFO request_id=req-normal-02334 method=POST path=/api/login status=200 duration_ms=8.2
2026-09-21T21:37:15-03:00 INFO request_id=req-normal-02335 method=GET path=/api/search status=200 duration_ms=9.2
2026-09-21T21:37:36-03:00 INFO request_id=req-normal-02336 method=GET path=/api/categories status=200 duration_ms=10.2
2026-09-21T21:37:57-03:00 INFO request_id=req-normal-02337 method=GET path=/api/documents/12 status=200 duration_ms=11.2
2026-09-21T21:38:18-03:00 INFO request_id=req-normal-02338 method=GET path=/api/search status=200 duration_ms=12.2
2026-09-21T21:38:39-03:00 INFO request_id=req-normal-02339 method=POST path=/api/login status=200 duration_ms=13.2
2026-09-21T21:39:00-03:00 INFO request_id=req-normal-02340 method=GET path=/api/search status=200 duration_ms=14.2
2026-09-21T21:39:21-03:00 INFO request_id=req-normal-02341 method=GET path=/api/categories status=200 duration_ms=15.2
2026-09-21T21:39:42-03:00 INFO request_id=req-normal-02342 method=GET path=/api/documents/12 status=200 duration_ms=16.2
2026-09-21T21:40:03-03:00 INFO request_id=req-normal-02343 method=GET path=/api/search status=200 duration_ms=17.2
2026-09-21T21:40:24-03:00 INFO request_id=req-normal-02344 method=POST path=/api/login status=200 duration_ms=18.2
2026-09-21T21:40:45-03:00 INFO request_id=req-normal-02345 method=GET path=/api/search status=200 duration_ms=19.2
2026-09-21T21:41:06-03:00 INFO request_id=req-normal-02346 method=GET path=/api/categories status=200 duration_ms=3.2
2026-09-21T21:41:27-03:00 INFO request_id=req-normal-02347 method=GET path=/api/documents/12 status=200 duration_ms=4.2
2026-09-21T21:41:48-03:00 INFO request_id=req-normal-02348 method=GET path=/api/search status=200 duration_ms=5.2
2026-09-21T21:42:09-03:00 INFO request_id=req-normal-02349 method=POST path=/api/login status=200 duration_ms=6.2
2026-09-21T22:10:00-03:00 INFO request_id=deploy-v140 event=deploy version=v1.4.0 result=completed
2026-09-21T22:15:10-03:00 ERROR request_id=req-evening-01 Traceback (most recent call last):
2026-09-21T22:15:10-03:00 ERROR request_id=req-evening-01   File "app/search.py", line 12, in search_documents
2026-09-21T22:15:10-03:00 ERROR request_id=req-evening-01     term = q.strip().encode("ascii").decode("ascii").casefold()
2026-09-21T22:15:10-03:00 ERROR request_id=req-evening-01 UnicodeEncodeError: 'ascii' codec can't encode characters in position 6-7: ordinal not in range(128)
2026-09-21T22:15:10-03:00 INFO request_id=req-evening-01 method=GET path=/api/search q=licitação status=500 duration_ms=2.1
2026-09-22T08:00:00-03:00 INFO request_id=req-morning-0000 method=GET path=/api/search q=contrato status=200 duration_ms=4.8
2026-09-22T08:00:55-03:00 INFO request_id=req-morning-0001 method=GET path=/api/search q=contrato status=200 duration_ms=4.8
2026-09-22T08:01:50-03:00 INFO request_id=req-morning-0002 method=GET path=/api/search q=contrato status=200 duration_ms=4.8
2026-09-22T08:02:45-03:00 INFO request_id=req-morning-0003 method=GET path=/api/search q=contrato status=200 duration_ms=4.8
2026-09-22T08:03:40-03:00 INFO request_id=req-morning-0004 method=GET path=/api/search q=contrato status=200 duration_ms=4.8
2026-09-22T08:04:35-03:00 INFO request_id=req-morning-0005 method=GET path=/api/search q=contrato status=200 duration_ms=4.8
2026-09-22T08:05:30-03:00 INFO request_id=req-morning-0006 method=GET path=/api/search q=contrato status=200 duration_ms=4.8
2026-09-22T08:06:25-03:00 INFO request_id=req-morning-0007 method=GET path=/api/search q=contrato status=200 duration_ms=4.8
2026-09-22T08:07:20-03:00 INFO request_id=req-morning-0008 method=GET path=/api/search q=contrato status=200 duration_ms=4.8
2026-09-22T08:08:15-03:00 INFO request_id=req-morning-0009 method=GET path=/api/search q=contrato status=200 duration_ms=4.8
2026-09-22T08:09:10-03:00 INFO request_id=req-morning-0010 method=GET path=/api/search q=contrato status=200 duration_ms=4.8
2026-09-22T08:10:05-03:00 INFO request_id=req-morning-0011 method=GET path=/api/search q=contrato status=200 duration_ms=4.8
2026-09-22T08:11:00-03:00 INFO request_id=req-morning-0012 method=GET path=/api/search q=contrato status=200 duration_ms=4.8
2026-09-22T08:11:55-03:00 INFO request_id=req-morning-0013 method=GET path=/api/search q=contrato status=200 duration_ms=4.8
2026-09-22T08:12:50-03:00 INFO request_id=req-morning-0014 method=GET path=/api/search q=contrato status=200 duration_ms=4.8
2026-09-22T08:13:45-03:00 INFO request_id=req-morning-0015 method=GET path=/api/search q=contrato status=200 duration_ms=4.8
2026-09-22T08:14:40-03:00 INFO request_id=req-morning-0016 method=GET path=/api/search q=contrato status=200 duration_ms=4.8
2026-09-22T08:15:35-03:00 INFO request_id=req-morning-0017 method=GET path=/api/search q=contrato status=200 duration_ms=4.8
2026-09-22T08:16:30-03:00 INFO request_id=req-morning-0018 method=GET path=/api/search q=contrato status=200 duration_ms=4.8
2026-09-22T08:17:25-03:00 INFO request_id=req-morning-0019 method=GET path=/api/search q=contrato status=200 duration_ms=4.8
2026-09-22T08:18:20-03:00 INFO request_id=req-morning-0020 method=GET path=/api/search q=contrato status=200 duration_ms=4.8
2026-09-22T08:19:15-03:00 INFO request_id=req-morning-0021 method=GET path=/api/search q=contrato status=200 duration_ms=4.8
2026-09-22T08:20:10-03:00 INFO request_id=req-morning-0022 method=GET path=/api/search q=contrato status=200 duration_ms=4.8
2026-09-22T08:21:05-03:00 INFO request_id=req-morning-0023 method=GET path=/api/search q=contrato status=200 duration_ms=4.8
2026-09-22T08:22:00-03:00 INFO request_id=req-morning-0024 method=GET path=/api/search q=contrato status=200 duration_ms=4.8
2026-09-22T08:22:55-03:00 INFO request_id=req-morning-0025 method=GET path=/api/search q=contrato status=200 duration_ms=4.8
2026-09-22T08:23:50-03:00 INFO request_id=req-morning-0026 method=GET path=/api/search q=contrato status=200 duration_ms=4.8
2026-09-22T08:24:45-03:00 INFO request_id=req-morning-0027 method=GET path=/api/search q=contrato status=200 duration_ms=4.8
2026-09-22T08:25:40-03:00 INFO request_id=req-morning-0028 method=GET path=/api/search q=contrato status=200 duration_ms=4.8
2026-09-22T08:26:35-03:00 INFO request_id=req-morning-0029 method=GET path=/api/search q=contrato status=200 duration_ms=4.8
2026-09-22T08:27:30-03:00 INFO request_id=req-morning-0030 method=GET path=/api/search q=contrato status=200 duration_ms=4.8
2026-09-22T08:28:25-03:00 INFO request_id=req-morning-0031 method=GET path=/api/search q=contrato status=200 duration_ms=4.8
2026-09-22T08:29:20-03:00 INFO request_id=req-morning-0032 method=GET path=/api/search q=contrato status=200 duration_ms=4.8
2026-09-22T08:30:15-03:00 INFO request_id=req-morning-0033 method=GET path=/api/search q=contrato status=200 duration_ms=4.8
2026-09-22T08:31:10-03:00 INFO request_id=req-morning-0034 method=GET path=/api/search q=contrato status=200 duration_ms=4.8
2026-09-22T08:32:05-03:00 INFO request_id=req-morning-0035 method=GET path=/api/search q=contrato status=200 duration_ms=4.8
2026-09-22T08:33:00-03:00 INFO request_id=req-morning-0036 method=GET path=/api/search q=contrato status=200 duration_ms=4.8
2026-09-22T08:33:55-03:00 INFO request_id=req-morning-0037 method=GET path=/api/search q=contrato status=200 duration_ms=4.8
2026-09-22T08:34:50-03:00 INFO request_id=req-morning-0038 method=GET path=/api/search q=contrato status=200 duration_ms=4.8
2026-09-22T08:35:45-03:00 INFO request_id=req-morning-0039 method=GET path=/api/search q=contrato status=200 duration_ms=4.8
2026-09-22T08:36:40-03:00 INFO request_id=req-morning-0040 method=GET path=/api/search q=contrato status=200 duration_ms=4.8
2026-09-22T08:37:35-03:00 INFO request_id=req-morning-0041 method=GET path=/api/search q=contrato status=200 duration_ms=4.8
2026-09-22T08:38:30-03:00 INFO request_id=req-morning-0042 method=GET path=/api/search q=contrato status=200 duration_ms=4.8
2026-09-22T08:39:25-03:00 INFO request_id=req-morning-0043 method=GET path=/api/search q=contrato status=200 duration_ms=4.8
2026-09-22T08:40:20-03:00 INFO request_id=req-morning-0044 method=GET path=/api/search q=contrato status=200 duration_ms=4.8
2026-09-22T08:41:15-03:00 INFO request_id=req-morning-0045 method=GET path=/api/search q=contrato status=200 duration_ms=4.8
2026-09-22T08:42:10-03:00 INFO request_id=req-morning-0046 method=GET path=/api/search q=contrato status=200 duration_ms=4.8
2026-09-22T08:43:05-03:00 INFO request_id=req-morning-0047 method=GET path=/api/search q=contrato status=200 duration_ms=4.8
2026-09-22T08:44:00-03:00 INFO request_id=req-morning-0048 method=GET path=/api/search q=contrato status=200 duration_ms=4.8
2026-09-22T08:44:55-03:00 INFO request_id=req-morning-0049 method=GET path=/api/search q=contrato status=200 duration_ms=4.8
2026-09-22T08:45:50-03:00 INFO request_id=req-morning-0050 method=GET path=/api/search q=contrato status=200 duration_ms=4.8
2026-09-22T08:46:45-03:00 INFO request_id=req-morning-0051 method=GET path=/api/search q=contrato status=200 duration_ms=4.8
2026-09-22T08:47:40-03:00 INFO request_id=req-morning-0052 method=GET path=/api/search q=contrato status=200 duration_ms=4.8
2026-09-22T08:48:35-03:00 INFO request_id=req-morning-0053 method=GET path=/api/search q=contrato status=200 duration_ms=4.8
2026-09-22T08:49:30-03:00 INFO request_id=req-morning-0054 method=GET path=/api/search q=contrato status=200 duration_ms=4.8
2026-09-22T08:50:25-03:00 INFO request_id=req-morning-0055 method=GET path=/api/search q=contrato status=200 duration_ms=4.8
2026-09-22T08:51:20-03:00 INFO request_id=req-morning-0056 method=GET path=/api/search q=contrato status=200 duration_ms=4.8
2026-09-22T08:52:15-03:00 INFO request_id=req-morning-0057 method=GET path=/api/search q=contrato status=200 duration_ms=4.8
2026-09-22T08:53:10-03:00 INFO request_id=req-morning-0058 method=GET path=/api/search q=contrato status=200 duration_ms=4.8
2026-09-22T08:54:05-03:00 INFO request_id=req-morning-0059 method=GET path=/api/search q=contrato status=200 duration_ms=4.8
2026-09-22T08:55:00-03:00 INFO request_id=req-morning-0060 method=GET path=/api/search q=contrato status=200 duration_ms=4.8
2026-09-22T08:55:55-03:00 INFO request_id=req-morning-0061 method=GET path=/api/search q=contrato status=200 duration_ms=4.8
2026-09-22T08:56:50-03:00 INFO request_id=req-morning-0062 method=GET path=/api/search q=contrato status=200 duration_ms=4.8
2026-09-22T08:57:45-03:00 INFO request_id=req-morning-0063 method=GET path=/api/search q=contrato status=200 duration_ms=4.8
2026-09-22T08:58:40-03:00 INFO request_id=req-morning-0064 method=GET path=/api/search q=contrato status=200 duration_ms=4.8
2026-09-22T08:59:35-03:00 INFO request_id=req-morning-0065 method=GET path=/api/search q=contrato status=200 duration_ms=4.8
2026-09-22T09:00:22-03:00 ERROR request_id=req-search-0000 Traceback (most recent call last):
2026-09-22T09:00:22-03:00 ERROR request_id=req-search-0000   File "app/search.py", line 12, in search_documents
2026-09-22T09:00:22-03:00 ERROR request_id=req-search-0000     term = q.strip().encode("ascii").decode("ascii").casefold()
2026-09-22T09:00:22-03:00 ERROR request_id=req-search-0000 UnicodeEncodeError: 'ascii' codec can't encode characters in position 6-7: ordinal not in range(128)
2026-09-22T09:00:22-03:00 INFO request_id=req-search-0000 method=GET path=/api/search q=licitação status=500 duration_ms=2.1
2026-09-22T09:00:30-03:00 INFO request_id=req-morning-0066 method=GET path=/api/search q=contrato status=200 duration_ms=4.8
2026-09-22T09:01:22-03:00 ERROR request_id=req-search-0001 Traceback (most recent call last):
2026-09-22T09:01:22-03:00 ERROR request_id=req-search-0001   File "app/search.py", line 12, in search_documents
2026-09-22T09:01:22-03:00 ERROR request_id=req-search-0001     term = q.strip().encode("ascii").decode("ascii").casefold()
2026-09-22T09:01:22-03:00 ERROR request_id=req-search-0001 UnicodeEncodeError: 'ascii' codec can't encode characters in position 6-7: ordinal not in range(128)
2026-09-22T09:01:22-03:00 INFO request_id=req-search-0001 method=GET path=/api/search q=licitação status=500 duration_ms=2.1
2026-09-22T09:01:25-03:00 INFO request_id=req-morning-0067 method=GET path=/api/search q=contrato status=200 duration_ms=4.8
2026-09-22T09:02:20-03:00 INFO request_id=req-morning-0068 method=GET path=/api/search q=contrato status=200 duration_ms=4.8
2026-09-22T09:02:22-03:00 ERROR request_id=req-search-0002 Traceback (most recent call last):
2026-09-22T09:02:22-03:00 ERROR request_id=req-search-0002   File "app/search.py", line 12, in search_documents
2026-09-22T09:02:22-03:00 ERROR request_id=req-search-0002     term = q.strip().encode("ascii").decode("ascii").casefold()
2026-09-22T09:02:22-03:00 ERROR request_id=req-search-0002 UnicodeEncodeError: 'ascii' codec can't encode characters in position 6-7: ordinal not in range(128)
2026-09-22T09:02:22-03:00 INFO request_id=req-search-0002 method=GET path=/api/search q=licitação status=500 duration_ms=2.1
2026-09-22T09:03:15-03:00 INFO request_id=req-morning-0069 method=GET path=/api/search q=contrato status=200 duration_ms=4.8
2026-09-22T09:03:22-03:00 ERROR request_id=req-search-0003 Traceback (most recent call last):
2026-09-22T09:03:22-03:00 ERROR request_id=req-search-0003   File "app/search.py", line 12, in search_documents
2026-09-22T09:03:22-03:00 ERROR request_id=req-search-0003     term = q.strip().encode("ascii").decode("ascii").casefold()
2026-09-22T09:03:22-03:00 ERROR request_id=req-search-0003 UnicodeEncodeError: 'ascii' codec can't encode characters in position 6-7: ordinal not in range(128)
2026-09-22T09:03:22-03:00 INFO request_id=req-search-0003 method=GET path=/api/search q=licitação status=500 duration_ms=2.1
2026-09-22T09:04:10-03:00 INFO request_id=req-morning-0070 method=GET path=/api/search q=contrato status=200 duration_ms=4.8
2026-09-22T09:04:22-03:00 ERROR request_id=req-search-0004 Traceback (most recent call last):
2026-09-22T09:04:22-03:00 ERROR request_id=req-search-0004   File "app/search.py", line 12, in search_documents
2026-09-22T09:04:22-03:00 ERROR request_id=req-search-0004     term = q.strip().encode("ascii").decode("ascii").casefold()
2026-09-22T09:04:22-03:00 ERROR request_id=req-search-0004 UnicodeEncodeError: 'ascii' codec can't encode characters in position 6-7: ordinal not in range(128)
2026-09-22T09:04:22-03:00 INFO request_id=req-search-0004 method=GET path=/api/search q=licitação status=500 duration_ms=2.1
2026-09-22T09:05:05-03:00 INFO request_id=req-morning-0071 method=GET path=/api/search q=contrato status=200 duration_ms=4.8
2026-09-22T09:05:22-03:00 ERROR request_id=req-search-0005 Traceback (most recent call last):
2026-09-22T09:05:22-03:00 ERROR request_id=req-search-0005   File "app/search.py", line 12, in search_documents
2026-09-22T09:05:22-03:00 ERROR request_id=req-search-0005     term = q.strip().encode("ascii").decode("ascii").casefold()
2026-09-22T09:05:22-03:00 ERROR request_id=req-search-0005 UnicodeEncodeError: 'ascii' codec can't encode characters in position 6-7: ordinal not in range(128)
2026-09-22T09:05:22-03:00 INFO request_id=req-search-0005 method=GET path=/api/search q=licitação status=500 duration_ms=2.1
2026-09-22T09:06:00-03:00 INFO request_id=req-morning-0072 method=GET path=/api/search q=contrato status=200 duration_ms=4.8
2026-09-22T09:06:22-03:00 ERROR request_id=req-search-0006 Traceback (most recent call last):
2026-09-22T09:06:22-03:00 ERROR request_id=req-search-0006   File "app/search.py", line 12, in search_documents
2026-09-22T09:06:22-03:00 ERROR request_id=req-search-0006     term = q.strip().encode("ascii").decode("ascii").casefold()
2026-09-22T09:06:22-03:00 ERROR request_id=req-search-0006 UnicodeEncodeError: 'ascii' codec can't encode characters in position 6-7: ordinal not in range(128)
2026-09-22T09:06:22-03:00 INFO request_id=req-search-0006 method=GET path=/api/search q=licitação status=500 duration_ms=2.1
2026-09-22T09:06:55-03:00 INFO request_id=req-morning-0073 method=GET path=/api/search q=contrato status=200 duration_ms=4.8
2026-09-22T09:07:22-03:00 ERROR request_id=req-search-0007 Traceback (most recent call last):
2026-09-22T09:07:22-03:00 ERROR request_id=req-search-0007   File "app/search.py", line 12, in search_documents
2026-09-22T09:07:22-03:00 ERROR request_id=req-search-0007     term = q.strip().encode("ascii").decode("ascii").casefold()
2026-09-22T09:07:22-03:00 ERROR request_id=req-search-0007 UnicodeEncodeError: 'ascii' codec can't encode characters in position 6-7: ordinal not in range(128)
2026-09-22T09:07:22-03:00 INFO request_id=req-search-0007 method=GET path=/api/search q=licitação status=500 duration_ms=2.1
2026-09-22T09:07:50-03:00 INFO request_id=req-morning-0074 method=GET path=/api/search q=contrato status=200 duration_ms=4.8
2026-09-22T09:16:48-03:00 ERROR request_id=req-0142-a1 Traceback (most recent call last):
2026-09-22T09:16:48-03:00 ERROR request_id=req-0142-a1   File "app/search.py", line 12, in search_documents
2026-09-22T09:16:48-03:00 ERROR request_id=req-0142-a1     term = q.strip().encode("ascii").decode("ascii").casefold()
2026-09-22T09:16:48-03:00 ERROR request_id=req-0142-a1 UnicodeEncodeError: 'ascii' codec can't encode characters in position 6-7: ordinal not in range(128)
2026-09-22T09:16:48-03:00 INFO request_id=req-0142-a1 method=GET path=/api/search q=licitação status=500 duration_ms=2.1
2026-09-22T09:22:00-03:00 INFO request_id=req-typing-0000 method=GET path=/api/search q=c client=192.0.2.24 status=200 duration_ms=1.2
2026-09-22T09:22:01-03:00 INFO request_id=req-typing-0001 method=GET path=/api/search q=co client=192.0.2.24 status=200 duration_ms=1.2
2026-09-22T09:22:02-03:00 INFO request_id=req-typing-0002 method=GET path=/api/search q=con client=192.0.2.24 status=200 duration_ms=1.2
2026-09-22T09:22:03-03:00 INFO request_id=req-typing-0003 method=GET path=/api/search q=cont client=192.0.2.24 status=200 duration_ms=1.2
2026-09-22T09:22:04-03:00 INFO request_id=req-typing-0004 method=GET path=/api/search q=contr client=192.0.2.24 status=200 duration_ms=1.2
2026-09-22T09:22:05-03:00 INFO request_id=req-typing-0005 method=GET path=/api/search q=contra client=192.0.2.24 status=200 duration_ms=1.2
2026-09-22T09:22:06-03:00 INFO request_id=req-typing-0006 method=GET path=/api/search q=contrat client=192.0.2.24 status=200 duration_ms=1.2
2026-09-22T09:22:07-03:00 INFO request_id=req-typing-0007 method=GET path=/api/search q=contrato client=192.0.2.24 status=200 duration_ms=1.2
2026-09-22T09:22:08-03:00 INFO request_id=req-typing-0008 method=GET path=/api/search q=contrato%20 client=192.0.2.24 status=200 duration_ms=1.2
2026-09-22T09:22:09-03:00 INFO request_id=req-typing-0009 method=GET path=/api/search q=contrato%20a client=192.0.2.24 status=200 duration_ms=1.2
2026-09-22T09:22:10-03:00 INFO request_id=req-typing-0010 method=GET path=/api/search q=contrato%20ad client=192.0.2.24 status=200 duration_ms=1.2
2026-09-22T09:22:11-03:00 INFO request_id=req-typing-0011 method=GET path=/api/search q=contrato%20adm client=192.0.2.24 status=200 duration_ms=1.2
2026-09-22T09:22:12-03:00 INFO request_id=req-typing-0012 method=GET path=/api/search q=contrato%20admi client=192.0.2.24 status=200 duration_ms=1.2
2026-09-22T09:22:13-03:00 INFO request_id=req-typing-0013 method=GET path=/api/search q=contrato%20admin client=192.0.2.24 status=200 duration_ms=1.2
2026-09-22T09:22:14-03:00 INFO request_id=req-typing-0014 method=GET path=/api/search q=contrato%20admini client=192.0.2.24 status=200 duration_ms=1.2
2026-09-22T09:22:15-03:00 INFO request_id=req-typing-0015 method=GET path=/api/search q=contrato%20adminis client=192.0.2.24 status=200 duration_ms=1.2
2026-09-22T09:22:16-03:00 INFO request_id=req-typing-0016 method=GET path=/api/search q=contrato%20administ client=192.0.2.24 status=200 duration_ms=1.2
2026-09-22T09:22:17-03:00 INFO request_id=req-typing-0017 method=GET path=/api/search q=contrato%20administr client=192.0.2.24 status=200 duration_ms=1.2
2026-09-22T09:22:18-03:00 INFO request_id=req-typing-0018 method=GET path=/api/search q=contrato%20administra client=192.0.2.24 status=200 duration_ms=1.2
2026-09-22T09:22:19-03:00 INFO request_id=req-typing-0019 method=GET path=/api/search q=contrato%20administrat client=192.0.2.24 status=200 duration_ms=1.2
2026-09-22T09:22:20-03:00 INFO request_id=req-typing-0020 method=GET path=/api/search q=contrato%20administrati client=192.0.2.24 status=200 duration_ms=1.2
2026-09-22T09:22:21-03:00 INFO request_id=req-typing-0021 method=GET path=/api/search q=contrato%20administrativ client=192.0.2.24 status=200 duration_ms=1.2
2026-09-22T09:22:22-03:00 INFO request_id=req-typing-0022 method=GET path=/api/search q=contrato%20administrativo client=192.0.2.24 status=200 duration_ms=1.2
2026-09-22T09:22:23-03:00 INFO request_id=req-typing-0023 method=GET path=/api/search q=contrato%20administrativo%20 client=192.0.2.24 status=200 duration_ms=1.2
2026-09-22T09:22:24-03:00 INFO request_id=req-typing-0024 method=GET path=/api/search q=contrato%20administrativo%20f client=192.0.2.24 status=200 duration_ms=1.2
2026-09-22T09:22:25-03:00 INFO request_id=req-typing-0025 method=GET path=/api/search q=contrato%20administrativo%20fe client=192.0.2.24 status=200 duration_ms=1.2
2026-09-22T09:22:26-03:00 INFO request_id=req-typing-0026 method=GET path=/api/search q=contrato%20administrativo%20fed client=192.0.2.24 status=200 duration_ms=1.2
2026-09-22T09:22:27-03:00 INFO request_id=req-typing-0027 method=GET path=/api/search q=contrato%20administrativo%20fede client=192.0.2.24 status=200 duration_ms=1.2
2026-09-22T09:22:28-03:00 INFO request_id=req-typing-0028 method=GET path=/api/search q=contrato%20administrativo%20feder client=192.0.2.24 status=200 duration_ms=1.2
2026-09-22T09:22:29-03:00 INFO request_id=req-typing-0029 method=GET path=/api/search q=contrato%20administrativo%20federa client=192.0.2.24 status=200 duration_ms=1.2
2026-09-22T09:22:30-03:00 INFO request_id=req-0142-b1 method=GET path=/api/search q=contrato%20administrativo%20federal client=192.0.2.24 status=429 duration_ms=1.2
2026-09-22T09:22:31-03:00 INFO request_id=req-typing-0031 method=GET path=/api/search q=contrato%20administrativo%20federal%20 client=192.0.2.24 status=429 duration_ms=1.2
2026-09-22T09:22:32-03:00 INFO request_id=req-typing-0032 method=GET path=/api/search q=contrato%20administrativo%20federal%20a client=192.0.2.24 status=429 duration_ms=1.2
2026-09-22T09:22:33-03:00 INFO request_id=req-typing-0033 method=GET path=/api/search q=contrato%20administrativo%20federal%20at client=192.0.2.24 status=429 duration_ms=1.2
2026-09-22T09:22:34-03:00 INFO request_id=req-typing-0034 method=GET path=/api/search q=contrato%20administrativo%20federal%20atu client=192.0.2.24 status=429 duration_ms=1.2
2026-09-22T09:22:35-03:00 INFO request_id=req-typing-0035 method=GET path=/api/search q=contrato%20administrativo%20federal%20atua client=192.0.2.24 status=429 duration_ms=1.2
2026-09-22T09:22:36-03:00 INFO request_id=req-typing-0036 method=GET path=/api/search q=contrato%20administrativo%20federal%20atual client=192.0.2.24 status=429 duration_ms=1.2
2026-09-22T09:22:37-03:00 INFO request_id=req-typing-0037 method=GET path=/api/search q=contrato%20administrativo%20federal%20atuali client=192.0.2.24 status=429 duration_ms=1.2
2026-09-22T09:22:38-03:00 INFO request_id=req-typing-0038 method=GET path=/api/search q=contrato%20administrativo%20federal%20atualiz client=192.0.2.24 status=429 duration_ms=1.2
2026-09-22T09:22:39-03:00 INFO request_id=req-typing-0039 method=GET path=/api/search q=contrato%20administrativo%20federal%20atualiza client=192.0.2.24 status=429 duration_ms=1.2
2026-09-22T09:22:40-03:00 INFO request_id=req-typing-0040 method=GET path=/api/search q=contrato%20administrativo%20federal%20atualizad client=192.0.2.24 status=429 duration_ms=1.2
2026-09-22T09:22:41-03:00 INFO request_id=req-typing-0041 method=GET path=/api/search q=contrato%20administrativo%20federal%20atualizado client=192.0.2.24 status=429 duration_ms=1.2
2026-09-22T09:27:00-03:00 INFO request_id=req-0142-c1 method=GET path=/api/search status=403 duration_ms=0.8
2026-09-22T09:27:01-03:00 INFO request_id=req-session-0001 method=GET path=/api/search status=403 duration_ms=0.8
2026-09-22T09:27:02-03:00 INFO request_id=req-session-0002 method=GET path=/api/search status=403 duration_ms=0.8
2026-09-22T09:27:03-03:00 INFO request_id=req-session-0003 method=GET path=/api/search status=403 duration_ms=0.8
2026-09-22T09:27:04-03:00 INFO request_id=req-session-0004 method=GET path=/api/search status=403 duration_ms=0.8
2026-09-22T09:27:05-03:00 INFO request_id=req-session-0005 method=GET path=/api/search status=403 duration_ms=0.8
2026-09-22T09:27:06-03:00 INFO request_id=req-session-0006 method=GET path=/api/search status=403 duration_ms=0.8
2026-09-22T09:27:07-03:00 INFO request_id=req-session-0007 method=GET path=/api/search status=403 duration_ms=0.8
